gender,height,weight,wingspan,experience,boulder_max,boulder_recent,boulder_90,route_max,route_recent,route_90,freq_climb,hrs_climb,hrs_train,freq_hang,weight_hang_half,weight_hang_open,mm_hang_half,mm_hang_open,campus_freq,campus_dur,end_freq,cross_freq,hrs_cross,pull_rep,pull_weight,push_rep,lsit_time,back_2,back_3,front_2,front_3,full_crimp,half_crimp,middle_2,monos,open_crimp,pinch,slopers,hangboard,no_hangs,max_weight,min_edge,one_arm_hang_program,other_protocol,repeaters,hangboard_2,4x4,arc,feet_on_campusing,laps_of_routes,max_moves,hangboard_repeater_protocols,other,route_climbing_intervals,systems_boards,threshold_intervals,endurance,antagonists,core,legs,upper_body_pulling,upper_body_pushing,strength,indoor,outdoor,running,yoga,biking,cardio,hiking,other_cross
Male,173,77,178,4.5,8.0,8.0,6.0,,,,4,8,6,,,,,,,,1,3,4,15,29,40,30,0,0,0,0,0,0,0,0,0,0,0,False,0,0,0,0,0,0,False,1,0,0,0,0,0,0,0,0,0,True,1,1,1,0,0,True,0,1,False,False,False,False,False,False
Male,180,81,180,3,3.0,3.0,1.0,17,,,1,3,10,2,,81,,,,,1,2,2,11,5,24,15,0,1,0,1,0,0,1,0,1,0,1,True,0,0,0,0,0,1,True,0,0,0,1,0,0,0,0,0,0,True,1,1,1,1,1,True,1,0,False,True,False,False,False,False
Male,178,67,175,.5,7.0,6.0,5.0,21,21,19,3,4,3,2,25,25,,,,,2,3,2,17,20,,,0,0,0,0,0,0,0,0,1,0,0,True,0,0,0,0,1,0,True,1,1,0,0,0,0,0,1,0,0,True,1,1,0,1,1,True,0,1,False,False,False,False,False,True
Male,173,70,178,9,5.0,4.0,3.0,21,21,18,2,6,1,1,15,,,,,,1,,,8,,30,,0,0,0,0,0,1,0,0,0,0,0,True,0,1,0,0,0,0,True,0,0,0,1,0,0,0,1,0,0,True,1,1,1,0,0,True,0,1,False,False,False,False,False,False
Male,184,84,197,6.5,10.0,10.0,7.0,,,,6,10,2,4,,,8,8,,,2,2,1,,,,,0,0,0,0,0,0,0,0,1,0,0,True,0,0,1,0,1,0,True,1,0,0,0,1,0,0,0,0,1,True,0,1,0,0,1,True,0,1,False,False,False,False,False,False
Male,176,67,170,5,7.0,,7.0,22,,18,,,,,,,,,,,,4,6,9,,15,20,0,0,0,0,0,0,0,0,0,0,0,False,0,0,0,0,0,0,False,0,0,0,0,0,0,0,0,0,0,False,0,1,1,1,1,True,0,1,True,False,False,False,False,False
Male,184,75,181,1,4.0,4.0,2.0,,,,2,4,,,,,,,,,,2,4,15,17,,5,0,0,0,0,0,0,0,0,0,0,0,False,0,0,0,0,0,0,False,0,0,0,0,0,0,0,0,0,0,False,0,1,1,1,1,True,1,0,False,False,False,False,False,False
Male,186,88,192,1.5,5.0,5.0,3.0,23,22,21,3,8,8,1,,,,,,,2,3,4,9,25,25,,0,0,0,0,0,1,0,0,1,0,1,True,0,0,0,0,0,1,True,0,0,0,1,0,0,0,1,0,1,True,1,1,0,1,1,True,0,1,False,False,False,True,False,False
Male,185,60,180,.5,2.0,2.0,1.0,21,21,18,1,3,1,,,,,,,,,1,1,,,,,0,0,0,0,0,0,0,0,0,0,0,False,0,0,0,0,0,0,False,0,0,0,0,0,0,0,0,0,0,False,0,1,0,0,0,True,1,0,False,False,False,False,False,False
Male,180,80,,8.5,9.0,7.0,6.0,,,,4,3,8,2,60,,,,1,1,,1,2,,,,,0,0,0,0,0,1,0,0,0,0,0,True,0,1,0,0,0,0,True,0,0,0,0,0,0,0,0,0,0,False,1,1,0,1,1,True,0,1,False,False,False,False,False,False
Male,178,81,178,5.5,7.0,7.0,5.0,25,23,21,2,4,,1,,,,,,,2,3,3,7,,30,,0,0,0,0,1,1,1,0,1,0,1,True,0,0,0,0,0,1,True,0,1,0,0,0,0,0,0,0,0,True,1,1,1,1,1,True,1,0,True,False,False,False,False,False
Male,175,60,180,5.5,8.0,8.0,8.0,30,29,28,2,6,,,,,,,,,,,,,,,,0,0,0,0,0,0,0,0,0,0,0,False,0,0,0,0,0,0,False,0,0,0,0,0,0,0,0,0,0,False,0,0,0,0,0,False,0,1,False,False,False,False,False,False
Female,168,54,170,1,6.0,6.0,4.0,25,25,22,4,8,8,2,,,,,,,1,4,2,12,,30,,1,1,1,1,0,0,1,0,1,0,1,True,0,0,0,0,0,1,True,0,0,0,1,0,1,0,0,0,0,True,1,1,1,1,1,True,1,0,False,False,False,True,True,False
Female,157,50,158,2.5,4.0,3.0,2.0,23,23,19,2,4,1,,,,,,,,1,2,2,3,,,,0,0,0,0,0,0,0,0,0,0,0,False,0,0,0,0,0,0,False,1,0,0,1,1,0,0,0,0,0,True,1,1,0,1,1,True,0,1,True,False,False,False,False,False
Male,163,65,165,5,11.0,9.0,7.0,,,,4,12,4,1,60,50,6,6,2,1,,,,35,65,120,,0,1,1,0,0,0,1,1,1,0,0,True,0,0,1,0,0,1,True,0,0,0,0,0,0,0,0,0,0,False,0,0,0,0,0,False,0,1,False,False,False,False,False,False
Male,174,70,178,1,3.0,,2.0,22,20,20,,1,,,,,,,,,,2,2,10,,10,,0,0,0,0,0,0,0,0,0,0,0,False,0,0,0,0,0,0,False,0,0,0,0,0,0,0,0,0,0,False,1,1,1,1,1,True,0,1,False,False,False,False,False,False
Male,188,100,195,3.5,9.0,7.0,5.0,25,23,22,4,10,3,2,22,23,14,14,,,1,3,1,20,85,40,20,0,0,0,0,0,1,0,0,0,0,0,True,0,1,1,0,0,1,True,0,1,0,0,0,0,0,1,0,0,True,1,1,0,1,0,True,0,1,False,False,True,False,False,False
Female,164,53,170,2,6.0,6.0,4.0,,,,3,6,3,,,,,,,,,3,3,11,,,,0,0,0,0,0,0,0,0,0,0,0,False,0,0,0,0,0,0,False,0,0,0,0,0,0,0,0,0,0,False,0,1,0,1,1,True,1,0,False,False,False,False,False,False
Male,176,60,177,2.5,7.0,7.0,5.0,25,24,23,3,8,2,1,,,,,,,,1,1,10,,30,30,0,0,0,1,0,1,1,0,0,0,1,True,0,0,0,0,0,1,True,0,1,0,1,0,0,0,0,0,0,True,1,1,0,0,1,True,0,1,False,False,False,False,False,True
Male,175,63,180,3.5,10.0,10.0,8.0,,,,3,9,3,3,50,,6,,,,,3,2,,,,,0,0,0,0,0,1,0,0,1,0,0,True,0,1,1,0,0,0,True,0,0,0,0,0,0,0,0,0,0,False,0,0,1,1,1,True,1,0,False,False,False,False,False,False
Male,190,82,197,2.5,6.0,5.0,4.0,24,21,20,3,4,2,2,10,,18,18,,,2,2,2,10,15,30,5,0,0,0,0,0,1,0,0,0,0,0,True,0,0,0,0,1,0,True,0,1,0,0,0,0,1,0,0,0,True,1,1,0,1,1,True,0,1,False,False,False,False,False,False
Male,177,66,178,7.5,7.0,7.0,6.0,29,28,26,3,8,1,,,,10,10,,,1,1,1,20,,40,20,1,1,1,1,1,1,1,0,1,0,1,True,0,0,0,0,0,1,True,1,0,1,1,0,1,0,0,0,0,True,1,1,0,1,1,True,0,1,False,False,False,False,False,False
Male,179,69,178,12,10.0,7.0,8.0,31,,21,3,5,7,3,14,16,10,10,2,1,,3,5,12,10,20,5,0,0,0,0,0,1,0,0,1,0,1,True,0,0,0,0,0,1,True,0,0,0,0,0,0,0,0,0,0,False,1,1,0,1,1,True,0,1,True,False,True,False,False,False
Male,185,82,186,4,7.0,6.0,5.0,28,26,24,3,4,2,2,49,,,,,,1,1,1,,,,,0,0,0,1,0,1,0,0,0,0,0,True,0,1,0,0,0,0,True,0,1,0,1,0,0,0,0,0,0,True,0,1,0,1,1,True,0,1,False,True,False,False,False,False
Female,165,53,165,3.5,3.0,3.0,1.0,22,21,21,5,10,3,1,,,,,,,,3,2,5,,11,,1,0,1,0,0,0,1,0,1,0,0,True,0,0,0,0,0,1,True,0,0,0,0,0,0,0,0,0,0,False,1,1,0,1,1,True,0,1,False,False,False,False,False,False
Female,157,47,155,8,,,3.0,27,27,24,4,6,6,,,,,,3,4,1,2,1,,26,,,0,0,0,0,0,0,0,0,0,0,0,False,0,0,0,0,0,0,False,0,0,0,0,0,0,0,0,1,0,True,0,1,0,1,1,True,0,1,True,False,False,False,False,False
Male,180,79,185,0,4.0,4.0,3.0,,,,3,6,3,,,,,,,,2,2,2,18,30,50,2,0,0,0,0,0,0,0,0,0,0,0,False,0,0,0,0,0,0,False,0,0,0,0,0,0,1,0,0,0,True,0,1,1,0,1,True,1,0,False,False,False,False,False,False
Male,186,73,190,2,5.0,5.0,3.0,23,23,20,2,6,1,,,,,,,,1,1,1,12,,10,,0,0,0,0,0,0,0,0,0,0,0,False,0,0,0,0,0,0,False,1,0,0,1,0,0,0,0,0,0,True,0,1,0,1,1,True,0,1,False,False,False,False,False,False
Male,183,100,185,2,6.0,5.0,4.0,25,24,22,2,4,,,,,,,,,,2,2,12,25,70,,0,0,1,1,0,1,1,0,1,1,1,True,0,0,0,0,0,1,True,1,1,0,1,0,0,0,0,1,0,True,0,1,1,1,1,True,0,1,True,False,False,False,False,False
Male,167,60,179,3.5,9.0,9.0,4.0,22,20,16,3,6,3,3,30,,8,,,,,2,2,13,35,22,,0,0,0,0,0,1,0,0,0,0,0,True,0,1,0,0,0,1,True,0,0,0,0,0,1,0,0,0,0,True,0,1,0,1,1,True,0,1,False,False,False,False,False,False
Male,173,86,173,1.5,6.0,4.0,4.0,23,22,22,3,4,4,2,30,35,16,14,2,2,2,4,8,32,65,286,26,0,1,1,1,1,1,1,0,1,1,1,True,0,0,1,0,0,1,True,1,1,0,1,1,0,0,0,0,0,True,1,1,1,1,1,True,0,1,False,True,False,False,False,False
Male,182,72,182,More,11.0,10.0,9.0,31,,,3,4,2,3,62,62,,6,1,1,1,2,1,25,55,25,20,0,1,0,1,0,0,0,0,1,0,0,True,0,1,1,0,0,1,True,0,0,0,0,0,0,0,0,0,1,True,1,1,1,1,1,True,0,1,False,False,False,False,False,False
Male,170,64,165,.5,6.0,6.0,5.0,25,25,23,1,3,3,,,,,,,,,,,16,,115,30,0,0,0,0,0,0,0,0,0,0,0,False,0,0,0,0,0,0,False,0,0,0,0,0,0,0,0,0,0,False,0,0,0,0,0,False,0,1,False,False,False,False,False,True
Male,182,76,180,4.5,6.0,6.0,4.0,26,24,20,1,3,3,1,,,,,,,,1,2,10,,20,30,0,0,0,1,0,1,1,0,1,0,1,True,0,0,0,0,0,1,True,0,0,0,0,0,0,0,0,0,0,False,1,1,0,0,1,True,1,0,False,False,False,False,False,False
Male,175,177,168,3.5,9.0,8.0,7.0,27,,23,2,5,3,,,30,,,,,,3,6,25,35,,30,0,0,0,0,0,0,0,0,0,0,0,False,0,0,0,0,0,0,False,0,0,0,0,0,0,0,0,0,0,False,1,1,1,1,1,True,0,1,False,False,False,False,False,False
Male,178,70,178,0,4.0,4.0,2.0,17,17,17,3,5,3,,,,,,,,,3,3,18,50,40,,0,0,0,0,0,0,0,0,0,0,0,False,0,0,0,0,0,0,False,0,0,0,0,0,0,0,0,0,0,False,0,1,1,1,1,True,1,0,False,False,False,False,False,False
Male,183,80,187,1.5,4.0,4.0,3.0,20,20,20,3,6,,,,,,,,,,2,4,10,,50,20,0,0,0,0,0,0,0,0,0,0,0,False,0,0,0,0,0,0,False,0,0,0,0,0,0,0,0,0,0,False,1,1,1,1,1,True,0,1,False,False,False,False,False,False
Male,175,85,180,3,8.0,7.0,5.0,25,22,21,4,8,3,2,,,,,1,1,2,3,4,,,,,0,0,0,0,1,1,0,0,1,0,0,True,0,0,0,0,0,1,True,1,0,0,0,0,1,0,0,0,0,True,1,1,1,0,1,True,0,1,True,False,False,False,False,False
Male,182,73,184,14.5,8.0,8.0,6.0,,,,3,2,5,2,,50,,6,,,,5,3,15,35,,20,0,0,0,0,0,0,0,0,1,0,0,True,0,1,1,0,0,0,True,0,0,0,0,0,0,0,0,0,0,False,1,1,1,1,1,True,0,1,False,False,False,False,False,False
Male,173,58,173,1.5,8.0,8.0,6.0,,,,2,5,2,2,25,,,,,,2,2,2,,20,40,,0,0,0,0,0,1,0,0,0,0,0,True,0,1,0,0,0,0,True,0,0,1,0,0,0,0,0,0,0,True,1,0,1,1,0,True,0,1,False,False,False,False,False,False
Male,62,172,184,8,11.0,10.0,8.0,29,26,28,3,7,5,3,50,55,5,,2,1,,3,2,13,,20,20,0,0,0,0,1,1,0,0,0,0,0,True,0,1,1,0,1,0,True,0,0,0,0,0,0,0,0,0,0,False,1,1,1,1,1,True,0,1,False,False,False,False,False,False
Male,193,79,193,2,8.0,8.0,5.0,25,25,24,3,7,6,3,,,,,,,,3,6,20,,30,20,0,0,0,0,0,1,0,0,0,0,0,True,0,0,0,0,0,1,True,0,0,0,0,0,0,0,0,0,0,False,1,1,0,0,1,True,0,1,False,False,False,False,False,False
Male,174,65,176,1,5.0,5.0,3.0,22,22,20,3,8,1,,,,,,,,,1,1,15,,40,1,0,0,0,0,0,0,0,0,0,0,0,False,0,0,0,0,0,0,False,0,0,0,0,0,0,0,0,0,0,False,1,1,1,1,1,True,0,1,False,False,True,False,False,False
Male,186,72,190,2,8.0,8.0,5.0,27,27,24,4,8,8,3,38,,,,,,3,3,6,20,30,15,,0,0,0,0,0,1,0,0,0,0,0,True,0,1,1,0,0,0,True,0,1,0,0,0,0,0,0,0,0,True,1,1,0,1,1,True,0,1,False,False,False,False,False,False
Male,188,73,189,0,,,,17,17,15,1,3,8,,,,,,,,2,2,4,16,,10,,0,0,0,0,0,0,0,0,0,0,0,False,0,0,0,0,0,0,False,0,0,0,1,0,0,0,0,0,1,True,1,1,1,1,1,True,0,1,False,False,False,True,False,False
Female,172,79,85,2.5,3.0,3.0,2.0,22,22,21,4,10,2,,,,,,1,1,1,2,3,1,,10,4,0,0,0,0,0,0,0,0,0,0,0,False,0,0,0,0,0,0,False,0,0,1,1,0,0,0,0,0,0,True,0,1,1,1,1,True,0,1,True,True,False,False,False,False
Male,182,79,184,2.5,6.0,5.0,4.0,22,22,20,3,10,1,,5,2,,,,,,3,7,12,15,50,25,0,0,0,0,0,0,0,0,0,0,0,False,0,0,0,0,0,0,False,1,0,0,0,0,0,0,0,1,1,True,1,1,0,1,1,True,0,1,True,False,False,False,False,False
Male,178,74,170,.5,5.0,5.0,4.0,21,21,19,4,10,,,,,,,,,1,3,3,,,,,0,0,0,0,0,0,0,0,0,0,0,False,0,0,0,0,0,0,False,0,0,0,1,0,0,0,0,0,0,True,1,1,0,0,0,True,1,0,False,False,False,False,False,False
Male,170,59,172,2.5,8.0,8.0,5.0,,,,5,17,3,1,,,10,10,1,1,2,2,2,20,90,,,0,0,1,1,0,0,0,0,1,0,1,True,0,1,0,0,0,1,True,1,0,0,0,0,1,1,0,0,0,True,1,1,1,0,1,True,0,1,False,False,True,False,False,False
Female,168,69,165,4.5,6.0,5.0,4.0,25,22,20,4,8,1,,,,,,,,1,1,2,6,,30,,0,0,0,0,0,0,0,0,0,0,0,False,0,0,0,0,0,0,False,0,1,0,1,0,0,0,0,0,0,True,1,1,0,0,1,True,0,1,False,True,False,True,False,False
Male,185,79,185,2.5,6.0,6.0,5.0,27,26,23,5,12,2,2,,80,,9,1,1,,2,1,,,,,0,0,0,0,0,0,0,0,1,0,0,True,0,1,1,0,0,0,True,0,0,0,0,0,0,0,0,0,0,False,1,1,0,0,0,True,0,1,False,False,False,False,False,False
Male,195,85,,1.5,5.0,5.0,3.0,,,,3,5,2,,,,,,1,1,1,1,1,,,,,0,0,0,0,0,0,0,0,0,0,0,False,0,0,0,0,0,0,False,0,0,0,1,1,0,0,0,0,0,True,0,1,0,1,0,True,1,0,False,False,False,False,False,False
Male,176,63,175,2.5,9.0,9.0,7.0,29,28,27,3,8,4,3,,,6,,,,,4,4,,,,,1,0,1,0,0,0,0,0,0,0,0,True,0,1,0,0,0,0,True,0,0,0,0,0,0,0,0,0,0,False,0,1,0,1,1,True,1,0,True,True,False,False,False,False
Female,165,56,165,3,6.0,6.0,4.0,23,22,20,3,9,2,1,,,,,1,1,,2,4,,,,,1,0,1,0,0,0,1,0,1,1,1,True,0,0,0,0,0,1,True,0,0,0,0,0,0,0,0,0,0,False,1,1,1,1,1,True,0,1,False,False,False,False,False,False
Male,178,72,180,10,9.0,8.0,6.0,29,26,26,4,7,6,3,13,32,8,9,,,1,2,1,18,32,,60,0,0,0,1,0,1,0,0,1,0,0,True,0,1,0,0,0,0,True,1,0,0,0,0,0,0,0,0,0,True,1,0,1,1,1,True,0,1,False,False,False,False,False,False
Male,185,73,187,6.5,11.0,10.0,9.0,32,32,30,5,10,6,2,53,,,,,,,2,1,,,,,0,0,0,0,0,1,1,0,0,0,0,True,0,1,0,0,0,0,True,0,0,0,0,0,0,0,0,0,1,True,1,1,0,0,0,True,0,1,False,False,False,False,False,False
Male,182,76,189,More,8.0,6.0,4.0,29,26,24,2,4,8,3,38,50,13,13,1,1,1,1,1,12,10,20,8,0,0,1,0,1,1,1,0,1,1,1,True,0,1,0,0,1,1,True,0,1,0,0,0,1,0,1,0,0,True,1,1,0,1,1,True,0,1,False,False,False,False,False,True
Male,178,72,178,1.5,8.0,6.0,5.0,24,24,21,3,10,3,1,,,,,,,1,3,2,10,,,,0,0,0,0,0,0,0,0,1,0,0,True,0,0,1,0,0,0,True,1,0,0,1,1,0,0,0,0,0,True,1,1,1,1,1,True,0,1,False,True,False,False,False,False
Male,180,86,177,.5,7.0,7.0,5.0,32,32,27,3,9,2,1,,,,,1,1,1,,,45,,112,24,1,1,1,1,1,1,1,0,1,1,1,True,0,0,0,0,0,1,True,1,0,1,1,1,1,0,1,0,0,True,0,0,0,0,0,False,0,1,False,False,True,False,True,False
Male,174,75,180,11.5,6.0,6.0,4.0,28,26,25,3,8,,2,,,,,,,1,,,20,20,25,,0,0,0,0,0,0,0,0,1,0,0,True,0,0,0,0,0,1,True,0,0,0,0,0,1,0,0,0,0,True,0,0,0,0,0,False,0,1,False,False,False,False,False,False
Male,178,59,183,2.5,8.0,7.0,6.0,25,24,22,3,6,3,2,10,10,15,15,2,2,1,2,1,12,150,30,,0,0,0,0,0,1,1,0,0,1,1,True,0,1,0,0,0,1,True,1,1,0,0,0,0,0,0,0,0,True,0,1,1,1,1,True,0,1,False,False,True,False,False,False
Male,175,73,183,0,2.0,2.0,2.0,,,,2,4,2,,,,,,,,2,2,2,12,,33,20,0,0,0,0,0,0,0,0,0,0,0,False,0,0,0,0,0,0,False,0,1,0,0,0,0,0,0,0,0,True,1,1,1,1,1,True,1,0,True,False,False,False,False,False
Male,178,70,195,14.5,13.0,13.0,11.0,33,,31,4,12,4,2,56,66,,,1,1,1,3,3,25,10,40,45,0,0,0,0,0,1,0,0,1,0,0,True,0,1,0,0,0,0,True,1,0,0,0,0,0,1,0,0,1,True,1,1,1,1,1,True,0,1,False,False,False,False,False,False
Female,170,59,173,1,,,,23,23,21,4,7,12,,,,,,,,2,2,2,3,,,,0,0,0,0,0,0,0,0,0,0,0,False,0,0,0,0,0,0,False,1,0,0,1,0,0,0,0,0,0,True,1,1,1,1,1,True,0,1,True,False,False,False,True,False
Male,177,70,185,5,7.0,7.0,6.0,26,26,25,4,7,1,1,,17,,,,,1,4,3,,,,,0,0,0,0,0,0,0,0,1,0,0,True,0,1,0,0,0,0,True,0,0,0,0,0,0,0,1,0,1,True,1,1,1,1,1,True,0,1,False,False,False,False,False,True
Male,178,75,180,5.5,7.0,7.0,5.0,21,,19,4,5,5,1,,20,,,,,1,4,3,12,45,45,10,0,0,0,0,0,1,0,0,0,0,0,True,0,1,0,0,0,0,True,0,0,0,1,0,0,0,0,0,0,True,1,1,1,1,1,True,0,1,False,False,False,False,False,False
Female,165,65,163,4.5,4.0,3.0,2.0,21,21,19,4,9,,,,,,,,,1,,,1,,,,0,0,0,0,0,0,0,0,0,0,0,False,0,0,0,0,0,0,False,0,0,0,1,0,0,0,0,0,0,True,0,0,0,0,0,False,1,0,False,False,False,False,False,False
Male,174,73,179,4,7.0,7.0,5.0,27,26,24,3,5,2,2,29,,,,,,,1,1,15,40,35,,0,0,0,0,0,1,1,0,0,0,0,True,0,1,0,0,0,0,True,0,0,0,0,0,0,1,0,0,0,True,1,0,0,0,0,True,0,1,False,False,False,False,False,False
Male,180,65,185,8,11.0,11.0,8.0,,,,4,5,10,2,75,70,,,,,,2,4,30,50,,,0,0,0,0,0,1,0,0,1,0,0,True,0,1,0,0,0,0,True,0,0,0,0,0,0,0,0,0,0,False,1,0,0,1,1,True,0,1,False,False,False,False,False,False
Female,171,74,178,2.5,5.0,5.0,4.0,25,25,23,1,3,,,,,,,,,,,,2,,45,3,0,0,0,0,0,0,0,0,0,0,0,False,0,0,0,0,0,0,False,0,0,0,0,0,0,0,0,0,0,False,0,0,0,0,0,False,1,0,True,False,True,False,False,False
Male,170,66,171,10.5,4.0,4.0,3.0,24,18,18,2,4,8,1,18,18,20,20,,,3,1,1,10,,30,,0,0,0,0,1,0,0,0,1,0,0,True,0,1,0,0,0,0,True,0,0,0,0,0,0,1,0,0,0,True,0,1,1,1,1,True,0,1,True,False,False,False,True,False
Male,188,87,200,1,6.0,6.0,4.0,22,22,19,3,7,2,,,,,,,,,2,1,8,,5,,0,0,0,0,0,0,0,0,0,0,0,False,0,0,0,0,0,0,False,0,0,0,0,0,0,0,0,0,0,False,1,1,0,0,0,True,0,1,False,True,False,False,False,False
Male,180,74,180,2,8.0,6.0,4.0,24,24,21,3,9,,3,30,20,,,,,,3,5,12,195,30,10,0,0,0,0,0,1,0,0,1,0,0,True,0,1,0,0,0,0,True,0,0,0,0,0,0,0,0,0,0,False,1,1,1,1,1,True,0,1,False,True,False,False,False,False
Male,186,70,196,0,5.0,5.0,2.0,22,22,20,4,10,,,,,,,,,,,,,,,,0,0,0,0,0,0,0,0,0,0,0,False,0,0,0,0,0,0,False,0,0,0,1,0,0,0,0,0,0,True,0,0,0,0,0,False,1,0,False,False,False,False,False,False
Male,177,61,177,1,5.0,5.0,3.0,,,,3,5,3,,,,,,,,,1,1,,,,,0,0,0,0,0,0,0,0,0,0,0,False,0,0,0,0,0,0,False,0,0,0,0,0,0,0,0,0,0,False,0,1,0,0,0,True,1,0,False,False,False,False,True,False
Male,175,73,177,More,7.0,6.0,4.0,32,32,29,3,5,2,,,,,,,,,1,1,3,,3,30,0,0,0,0,0,0,0,0,0,0,0,False,0,0,0,0,0,0,False,0,0,0,0,0,0,0,0,0,0,False,1,1,1,1,0,True,0,1,False,False,False,False,False,True
Male,168,55,173,5.5,13.0,12.0,8.0,,,,3,5,3,1,,,,,3,2,1,3,1,,,,,0,1,0,0,0,0,1,0,1,0,0,True,0,0,0,0,0,1,True,0,0,0,0,0,1,0,0,0,0,True,1,1,0,1,1,True,0,1,False,False,False,False,False,False
Male,193,90,195,3,,,,25,25,19,3,9,1,,,,,,3,2,,3,3,23,90,,,0,0,0,0,0,0,0,0,0,0,0,False,0,0,0,0,0,0,False,0,0,0,0,0,0,0,0,0,0,False,0,1,0,1,0,True,1,0,False,False,False,False,False,False
Male,175,56,177,8,10.0,9.0,7.0,,,,3,9,1,1,,,,,,,,,,20,,,,0,0,0,0,0,0,0,0,0,0,0,False,0,0,0,0,1,0,True,0,0,0,0,0,0,0,0,0,0,False,0,0,0,0,0,False,0,1,False,False,False,False,False,False
Male,160,52,163,2,7.0,7.0,5.0,,,,3,9,9,3,9,16,,,3,1,,3,3,15,16,50,15,0,0,0,0,0,1,0,0,1,0,0,True,0,1,0,0,0,0,True,0,0,0,0,0,0,0,0,0,0,False,1,1,1,0,1,True,0,1,False,False,False,False,False,False
Male,185,67,,6,,,,22,20,17,2,1,4,,,,,,2,,,1,1,,,,,0,0,0,0,0,0,0,0,0,0,0,False,0,0,0,0,0,0,False,0,0,0,0,0,0,0,0,0,0,False,0,1,1,0,1,True,0,1,False,False,False,False,False,False
Male,177,71,178,More,10.0,9.0,8.0,30,28,27,3,7,2,2,,55,10,14,2,1,2,3,2,25,32,25,,0,0,0,0,1,1,1,0,1,0,0,True,0,1,0,0,0,1,True,0,0,0,0,0,0,1,0,0,1,True,1,1,1,1,1,True,0,1,False,False,True,True,False,False
Male,160,44,167,4.5,9.0,9.0,6.0,,,,7,12,12,3,55,,6,,,,3,4,4,,16,,,0,0,0,0,0,1,0,0,0,0,0,True,0,1,1,0,0,0,True,0,1,0,0,0,0,0,0,0,0,True,1,1,1,1,1,True,0,1,True,False,False,False,False,False
Male,172,68,172,2,9.0,9.0,7.0,,,,3,4,5,2,,28,6,,1,1,,3,9,25,100,,,0,0,0,0,0,1,0,0,1,0,1,True,0,1,1,0,0,1,True,0,0,0,0,0,0,0,0,0,0,False,1,1,1,1,1,True,0,1,False,False,False,True,True,False
Male,180,63,177,More,9.0,8.0,7.0,27,24,24,3,4,6,2,35,43,10,12,,,,1,1,22,20,35,30,0,0,0,0,0,1,0,0,1,1,0,True,0,1,0,0,0,0,True,0,0,0,0,0,0,0,0,0,0,False,0,1,0,0,0,True,0,1,False,False,False,False,False,False
Male,184,78,184,4,11.0,10.0,8.0,26,,,4,11,2,,35,35,10,10,1,1,1,2,6,15,30,50,,0,0,0,0,0,0,0,0,0,0,0,False,0,0,0,0,0,0,False,0,0,0,0,0,0,0,0,0,0,False,1,1,1,1,1,True,0,1,False,False,False,False,False,True
Male,183,77,193,2.5,10.0,10.0,7.0,,,,5,12,6,3,38,55,7,7,1,1,,3,4,18,37,42,50,1,0,0,0,0,1,0,0,1,0,0,True,0,1,1,0,0,0,True,0,0,0,0,0,0,0,0,0,0,False,1,1,0,1,1,True,0,1,False,False,True,False,False,False
Male,182,78,190,3,7.0,6.0,4.0,22,20,19,3,2,3,1,,,,,,,,2,1,20,,50,20,0,0,0,0,0,1,0,0,1,1,0,True,0,0,0,0,0,1,True,0,0,0,0,0,0,0,0,0,0,False,1,1,1,1,1,True,0,1,True,False,True,False,False,False
Male,184,90,186,More,8.0,6.0,4.0,26,17,22,2,4,,,,,,,,,,,,,,,,0,0,0,0,0,0,0,0,0,0,0,False,0,0,0,0,0,0,False,0,0,0,0,0,0,0,0,0,0,False,0,0,0,0,0,False,0,1,False,False,False,False,False,False
Male,178,68,178,2,8.0,8.0,6.0,26,26,24,2,6,,,,,,,,,,,,,,,,0,0,0,0,0,0,0,0,0,0,0,False,0,0,0,0,0,0,False,0,0,0,0,0,0,0,0,0,0,False,0,0,0,0,0,False,0,1,False,False,False,False,False,False
Male,178,79,172,13,8.0,7.0,5.0,30,27,24,4,9,,,,,,,,,,,,12,,25,,0,0,0,0,0,0,0,0,0,0,0,False,0,0,0,0,0,0,False,0,0,0,0,0,0,0,0,0,0,False,0,0,0,0,0,False,0,1,False,False,False,False,False,True
Male,190,87,194,.5,3.0,3.0,2.0,17,17,17,2,2,2,,,,,,,,,5,6,8,25,12,5,0,0,0,0,0,0,0,0,0,0,0,False,0,0,0,0,0,0,False,0,0,0,0,0,0,0,0,0,0,False,0,1,1,1,1,True,1,0,False,False,False,False,False,False
Male,185,86,188,10,7.0,6.0,5.0,,,,2,5,1,,,,,,2,1,,,,15,,20,,0,0,1,1,0,0,1,0,1,0,1,True,0,0,0,0,1,0,True,0,0,0,0,0,0,0,0,0,0,False,1,1,0,0,1,True,0,1,False,False,False,False,False,False
Male,176,70,180,0,3.0,3.0,2.0,22,22,20,2,6,,,,,,,,,,2,2,19,,50,,0,0,0,0,0,0,0,0,0,0,0,False,0,0,0,0,0,0,False,0,0,0,0,0,0,0,0,0,0,False,0,1,1,1,1,True,1,0,False,False,False,False,False,False
Male,185,68,188,4,8.0,7.0,5.0,25,,25,3,3,,,,,,,,,,,,10,,10,,0,0,0,0,0,0,0,0,0,0,0,False,0,0,0,0,0,0,False,0,0,0,0,0,0,0,0,0,0,False,0,0,0,0,0,False,0,1,False,False,True,False,False,False
Male,183,84,190,1,8.0,7.0,6.0,25,20,20,6,5,10,1,22,,,,2,5,,4,10,14,27,30,30,0,0,0,0,0,1,0,0,1,0,1,True,0,1,0,0,0,0,True,0,0,0,0,0,0,0,0,0,0,False,1,1,1,1,1,True,1,0,False,False,False,False,False,False
Male,185,82,178,1,6.0,6.0,4.0,24,24,19,3,9,,,,,,,,,3,2,4,16,,25,,0,0,0,0,0,0,0,0,0,0,0,False,0,0,0,0,0,0,False,0,0,0,1,0,0,0,1,0,1,True,1,1,0,0,0,True,1,0,False,False,False,True,False,False
Male,184,75,187,3.5,7.0,7.0,5.0,25,25,22,3,12,6,1,,,,,1,1,2,2,8,20,20,50,30,0,0,1,1,1,1,0,1,1,0,1,True,0,1,0,0,0,0,True,0,0,0,1,0,0,0,1,0,0,True,1,1,1,0,1,True,0,1,True,True,False,False,False,False
Female,175,55,167,11.5,,,,25,22,20,2,6,1,1,,,,,,,1,,,,,,,0,1,0,1,1,0,0,1,1,0,1,True,0,0,0,0,0,1,True,1,0,0,0,1,0,0,0,0,0,True,0,0,0,0,0,False,1,0,False,False,False,False,False,False
Male,188,83,,4,6.0,6.0,5.0,24,24,22,3,8,3,1,,,,,1,1,1,4,4,,,,,0,0,0,0,0,1,0,0,1,0,0,True,0,1,0,0,0,0,True,0,1,0,0,0,0,0,0,0,0,True,1,1,0,0,1,True,0,1,False,True,False,False,False,False
Male,187,73,193,2.5,8.0,7.0,5.0,,,,3,6,3,3,22,,,,2,1,,2,2,,,,,0,0,0,0,0,1,0,0,1,0,1,True,0,1,0,0,0,1,True,1,0,0,0,1,1,0,0,0,0,True,1,1,0,0,1,True,0,1,False,False,False,False,False,False
Male,172,67,178,4,9.0,8.0,7.0,28,25,26,4,10,10,,,,,,,,,5,10,20,40,70,,0,0,0,0,1,1,0,0,1,0,0,True,0,0,1,0,0,0,True,0,0,0,0,0,0,0,0,0,0,False,1,1,0,1,1,True,0,1,False,False,False,False,False,False
Male,183,68,182,2,6.0,5.0,4.0,23,22,20,3,8,1,,,,,,3,1,2,3,1,,,,,0,0,0,0,0,0,0,0,0,0,0,False,0,0,0,0,0,0,False,1,0,0,0,0,0,0,0,0,0,True,0,0,0,0,0,False,0,1,False,False,False,False,False,False
Female,157,48,157,2.5,7.0,7.0,5.0,27,27,23,4,8,4,2,,,,,1,1,1,4,3,7,,,15,0,1,0,1,0,1,1,0,1,1,0,True,0,0,0,0,0,1,True,0,1,0,0,0,1,0,0,0,0,True,0,1,1,1,1,True,0,1,False,False,False,False,False,False
Male,180,73,183,7,10.0,10.0,6.0,,,,3,2,5,1,,,,,,,,3,1,25,,45,45,0,1,0,1,1,1,0,0,1,1,1,True,0,1,0,0,0,0,True,0,0,0,0,0,0,0,0,0,0,False,1,1,0,1,1,True,0,1,False,True,False,False,False,False
Male,177,59,177,.5,6.0,6.0,4.0,22,22,18,3,7,,,,,,,,,,,,15,,50,,0,0,0,0,0,0,0,0,0,0,0,False,0,0,0,0,0,0,False,0,0,0,0,0,0,0,0,0,0,False,0,0,0,0,0,False,1,0,False,False,False,False,False,False
Male,178,58,,1.5,6.0,6.0,4.0,,,,2,5,1,,,,,,,,,1,1,10,,25,,0,0,0,0,0,0,0,0,0,0,0,False,0,0,0,0,0,0,False,0,0,0,0,0,0,0,0,0,0,False,0,1,0,1,1,True,1,0,False,False,False,False,False,False
Male,181,74,,0,5.0,5.0,3.0,,,,3,6,,,,,,,,,1,,,5,,20,,0,0,0,0,0,0,0,0,0,0,0,False,0,0,0,0,0,0,False,0,0,0,0,0,0,0,0,0,0,False,0,0,0,0,0,False,1,0,False,False,True,False,False,False
Female,168,52,172,7.5,6.0,6.0,4.0,24,24,22,3,7,6,2,,,,,2,2,2,1,1,17,,46,,0,0,0,0,1,1,0,0,1,0,1,True,0,0,0,0,0,1,True,0,0,0,1,0,0,1,0,0,0,True,0,1,0,1,0,True,0,1,True,True,False,False,False,False
Male,180,71,180,3.5,5.0,5.0,4.0,26,26,25,4,11,2,2,11,23,,,,,,1,1,,36,,,0,0,0,1,0,1,0,0,1,0,0,True,0,0,0,0,0,1,True,0,0,0,0,0,0,0,0,0,0,False,1,1,0,1,1,True,0,1,False,False,False,False,False,False
Male,180,70,187,9,11.0,9.0,8.0,29,26,28,4,8,8,2,45,,,,,,2,2,4,18,80,21,,0,0,0,0,0,1,0,0,0,1,0,True,0,1,0,0,0,1,True,1,0,0,0,0,1,0,0,0,0,True,1,1,1,1,1,True,0,1,False,False,False,False,False,False
Male,182,72,182,3,4.0,4.0,2.0,20,18,16,2,5,,,,,,,,,,,1,10,,50,,0,0,0,1,0,1,0,0,0,0,1,True,0,1,0,0,0,0,True,1,0,0,0,0,0,0,0,0,0,True,1,1,0,0,0,True,0,1,False,False,False,False,False,False
Male,178,85,186,5.5,8.0,6.0,4.0,26,23,21,1,3,3,,,,,,1,,1,5,9,20,,80,,0,0,0,0,0,0,0,0,0,0,0,False,0,0,0,0,0,0,False,1,0,0,0,0,0,0,0,0,0,True,1,1,1,1,1,True,0,1,False,False,False,False,False,True
Male,183,93,183,.5,6.0,6.0,4.0,,,,3,4,1,,,,12,12,,,1,5,5,18,60,40,,0,0,0,0,1,1,0,0,1,0,1,True,0,0,1,0,0,1,True,1,0,0,0,0,1,0,0,0,0,True,1,1,1,1,1,True,1,0,False,False,True,False,False,False
Male,172,67,174,5.5,6.0,5.0,4.0,26,24,20,2,5,,,,,,,,,1,2,2,,,,,0,0,0,0,0,0,0,0,0,0,0,False,0,0,0,0,0,0,False,0,0,0,1,0,0,0,0,0,0,True,0,1,1,0,0,True,0,1,False,False,False,False,False,True
Male,176,58,179,5.5,10.0,9.0,8.0,28,27,25,4,12,6,2,10,10,8,8,1,1,1,3,1,50,20,50,60,0,1,1,1,0,1,1,0,1,1,1,True,0,0,0,0,0,1,True,0,1,1,1,1,1,0,1,0,0,True,1,1,0,1,1,True,0,1,True,False,False,False,False,False
Male,181,79,182,2.5,9.0,9.0,7.0,28,28,27,5,9,3,2,7,,,,2,2,1,6,7,30,45,,30,0,0,0,0,0,1,0,0,0,1,0,True,0,1,0,0,0,0,True,1,0,0,1,0,0,0,0,1,1,True,1,1,1,1,1,True,0,1,False,False,False,True,False,False
Male,183,71,183,10,7.0,7.0,6.0,25,22,24,3,7,1,2,27,,7,9,,,,2,1,14,,,,0,0,0,0,0,1,0,0,1,0,0,True,0,1,1,0,0,0,True,0,0,0,0,0,0,0,0,0,0,False,1,0,0,1,1,True,0,1,False,False,False,False,False,False
Male,171,74,180,4.5,6.0,,4.0,27,27,25,3,7,,,,,,,,,3,2,2,20,45,75,,0,0,0,0,0,0,0,0,0,0,0,False,0,0,0,0,0,0,False,0,0,0,1,0,0,0,0,0,0,True,1,0,1,1,1,True,0,1,False,False,False,False,False,True
Male,175,50,110,10.5,7.0,7.0,4.0,21,21,19,1,3,8,,,,,,,,,7,7,10,,20,1,0,0,0,0,0,0,0,0,0,0,0,False,0,0,0,0,0,0,False,1,0,0,1,0,0,0,1,0,0,True,0,1,1,0,1,True,0,1,True,True,True,False,True,False
Male,190,100,,0,1.0,1.0,0.0,,,,2,4,,,,,,,,,,4,6,10,10,,,0,0,0,0,0,0,0,0,0,0,0,False,0,0,0,0,0,0,False,0,0,0,0,0,0,0,0,0,0,False,0,1,1,1,1,True,1,0,False,False,False,True,False,False
Male,178,78,185,3,7.0,6.0,4.0,23,23,20,4,6,8,1,,,,,3,1,1,1,2,15,7,40,,0,0,0,1,1,0,1,0,1,0,1,True,0,0,0,0,0,1,True,0,0,0,1,0,0,0,0,0,0,True,0,1,0,1,0,True,0,1,True,False,False,False,False,False
Male,173,61,166,4,9.0,9.0,7.0,29,29,27,5,14,6,1,,,,,2,2,,1,2,,,,,0,1,1,1,0,1,1,1,1,0,0,True,0,0,1,0,0,0,True,0,0,0,0,0,0,0,0,0,0,False,1,1,0,1,0,True,0,1,False,False,False,False,False,False
Male,167,60,169,4.5,8.0,6.0,6.0,26,26,26,2,4,2,1,15,15,,,1,1,1,2,2,,,,35,0,0,0,0,0,1,0,0,1,0,0,True,0,1,0,0,0,1,True,1,0,0,0,0,0,0,0,0,0,True,1,1,0,1,1,True,0,1,False,False,True,False,False,False
Male,175,86,,2,6.0,6.0,4.0,25,22,23,4,12,4,2,5,4,,5,1,2,1,1,2,15,10,27,60,0,0,0,0,0,1,1,1,1,1,1,True,0,1,1,0,0,0,True,1,0,0,1,1,1,0,1,1,0,True,0,1,1,1,1,True,0,1,False,True,False,True,False,False
Male,185,72,183,13,11.0,9.0,8.0,30,27,29,3,2,6,2,25,20,6,,2,1,2,2,2,,,,15,0,1,0,1,0,1,0,0,1,1,1,True,0,0,0,0,0,1,True,1,0,0,0,0,0,0,0,0,0,True,1,1,1,1,1,True,0,1,False,False,False,False,False,True
Male,178,75,176,1,,,,23,22,20,,,2,,,,,,,,2,2,2,24,20,46,,0,0,0,0,0,0,0,0,0,0,0,False,0,0,0,0,0,0,False,0,0,0,0,0,0,1,0,0,0,True,1,1,1,1,1,True,1,1,False,True,False,True,False,False
Male,179,70,178,11.5,6.0,6.0,4.0,27,27,23,2,6,2,1,,,,,,,,,,15,,,,1,0,0,0,1,1,0,0,0,1,0,True,0,0,0,0,0,1,True,0,0,0,0,0,0,0,0,0,0,False,0,0,0,0,0,False,0,1,False,False,False,False,False,False
Male,175,68,175,3.5,9.0,9.0,7.0,26,25,24,4,6,3,2,,,,,,,,1,1,,,,,0,0,0,0,0,1,0,0,0,0,0,True,0,1,0,0,0,0,True,0,0,0,1,0,0,0,0,0,0,True,1,1,1,1,1,True,0,1,False,False,False,False,False,False
Male,170,70,,8,7.0,6.0,5.0,,,,1,2,1,,,,,,1,,,1,1,6,20,,,0,0,0,0,0,0,0,0,1,1,1,True,0,0,1,0,0,0,True,1,0,0,1,0,0,0,0,1,0,True,0,1,0,1,0,True,1,0,False,False,False,False,False,False
Male,165,63,169,14.5,10.0,6.0,6.0,24,23,22,1,3,1,2,30,30,20,20,1,1,,2,1,20,10,50,,0,0,0,1,1,1,1,0,1,0,1,True,0,0,0,0,0,1,True,1,1,0,0,0,1,0,0,0,0,True,1,1,1,1,1,True,0,1,False,True,False,False,False,False
Female,163,53,161,1,3.0,3.0,2.0,22,20,20,2,5,2,,,,,,,,1,1,1,2,,,,0,0,0,0,0,0,0,0,0,0,0,False,0,0,0,0,0,0,False,0,0,0,1,0,0,0,0,0,0,True,0,1,1,1,0,True,0,1,True,False,False,False,False,False
Male,1,60,1,6,5.0,4.0,3.0,24,23,23,2,3,2,2,4,,,,,,1,2,2,,12,,,0,0,0,1,0,1,0,0,0,0,0,True,0,1,0,0,0,0,True,0,0,0,1,0,0,0,0,0,0,True,1,0,1,1,0,True,0,1,False,False,True,False,False,False
Male,178,75,180,13,10.0,10.0,7.0,,,,4,16,4,2,45,45,8,,,,2,2,1,25,135,50,,0,0,0,0,0,1,0,0,0,0,0,True,0,1,0,0,0,0,True,0,1,0,1,0,0,0,0,0,0,True,1,0,0,0,1,True,0,1,False,False,False,False,False,False
Male,177,66,177,More,10.0,8.0,7.0,30,28,27,4,2,6,1,16,16,,,2,3,1,1,2,,35,30,1,0,1,1,1,0,1,1,0,0,1,0,True,0,1,1,0,0,0,True,1,0,0,0,0,0,0,0,0,0,True,1,1,0,0,1,True,0,1,False,True,False,False,False,False
Male,191,84,195,2,3.0,3.0,1.0,19,17,17,1,3,,,,,,,,,,,,15,,,,0,0,0,0,0,0,0,0,0,0,0,False,0,0,0,0,0,0,False,0,0,0,0,0,0,0,0,0,0,False,0,0,0,0,0,False,1,0,True,True,False,False,False,False
Female,172,67,175,7.5,9.0,9.0,8.0,28,27,27,4,1,9,1,,,,,2,2,,3,3,12,,,,0,0,0,1,0,1,0,0,1,0,0,True,0,0,0,0,0,1,True,0,0,0,0,0,0,0,0,0,0,False,0,1,0,1,0,True,0,1,False,False,False,True,False,False
Male,180,65,190,1.5,8.0,8.0,6.0,25,24,23,3,9,1,,,,,,,,1,,,15,,15,,0,0,0,0,0,0,0,0,0,0,0,False,0,0,0,0,0,0,False,1,0,0,1,0,0,1,0,0,0,True,0,0,0,0,0,False,0,1,False,False,False,False,False,False
Male,172,59,172,2.5,7.0,7.0,4.0,,,,4,12,,,,,,,,,,2,4,15,40,,,0,0,0,0,0,0,0,0,0,0,0,False,0,0,0,0,0,0,False,0,0,0,0,0,0,0,0,0,0,False,1,1,0,0,1,True,0,1,False,False,False,False,False,False
Female,153,45,155,0,3.0,3.0,2.0,17,17,17,2,4,,,,,,,,,,2,1,5,,24,,0,0,0,0,0,0,0,0,0,0,0,False,0,0,0,0,0,0,False,0,0,0,0,0,0,0,0,0,0,False,1,0,0,0,0,True,1,0,True,False,False,False,False,False
Male,163,62,173,4,10.0,10.0,8.0,26,,24,4,14,6,2,40,50,14,,1,2,,2,2,15,,,,0,0,0,0,0,1,0,0,0,0,0,True,0,0,0,0,1,0,True,0,0,0,0,0,0,0,0,0,0,False,0,1,0,1,1,True,0,1,False,False,False,False,False,False
Male,171,64,172,1,8.0,8.0,4.0,,,,3,8,,,,,,,,,,,,19,,50,,0,0,0,0,0,0,0,0,0,0,0,False,0,0,0,0,0,0,False,0,0,0,0,0,0,0,0,0,0,False,0,0,0,0,0,False,0,1,False,False,False,False,False,False
Male,178,65,179,3,6.0,5.0,4.0,,,,2,7,1,,,,,,,,,,,,,,,0,0,0,0,0,0,0,0,0,0,0,False,0,0,0,0,0,0,False,0,0,0,0,0,0,1,0,0,0,True,0,0,0,0,0,False,0,1,False,False,False,False,False,False
Male,190,78,190,1.5,6.0,6.0,4.0,29,29,29,3,5,2,,,,,,,,1,2,2,6,,20,,0,0,0,0,0,0,0,0,0,0,0,False,0,0,0,0,0,0,False,0,0,0,1,0,0,0,0,0,0,True,1,1,1,1,1,True,1,0,False,False,False,True,False,False
Female,152,51,,1,5.0,5.0,3.0,22,20,19,3,7,4,,,,,,,,1,3,4,8,,25,10,0,0,0,0,0,0,0,0,0,0,0,False,0,0,0,0,0,0,False,0,0,0,0,0,0,0,0,1,0,True,1,1,0,1,1,True,0,1,True,True,True,False,False,False
Female,1,44,174,1.5,2.0,2.0,1.0,20,19,16,1,,2,,,,,,,,1,6,2,2,,20,,0,0,0,0,0,0,0,0,0,0,0,False,0,0,0,0,0,0,False,0,0,0,1,0,0,0,0,0,0,True,0,1,1,0,1,True,1,0,False,False,False,False,False,False
Male,194,84,196,7,8.0,8.0,7.0,29,29,27,3,4,3,3,,,14,,1,1,1,,,,,,,0,0,0,0,0,1,0,0,0,0,0,True,0,1,0,0,0,0,True,1,1,0,0,0,0,0,0,0,1,True,0,0,0,0,0,False,0,1,False,False,False,False,False,False
Female,163,57,150,.5,3.0,3.0,2.0,13,13,13,2,4,,,,,,,,,,2,2,2,,30,,0,0,0,0,0,0,0,0,0,0,0,False,0,0,0,0,0,0,False,0,0,0,0,0,0,0,0,0,0,False,0,1,1,1,1,True,1,0,False,True,False,True,False,False
Female,170,160,170,1.5,5.0,5.0,4.0,,,,4,12,,,,,,,,,,2,2,,,,,0,0,0,0,0,0,0,0,0,0,0,False,0,0,0,0,0,0,False,0,0,0,0,0,0,0,0,0,0,False,1,1,0,0,0,True,0,1,False,False,False,False,False,False
Male,188,73,199,0,6.0,6.0,5.0,,,,4,1,6,2,6,3,,,1,1,,2,2,74,20,100,10,0,1,1,1,0,1,1,0,1,1,1,True,0,1,1,0,0,0,True,0,0,0,0,0,0,0,0,0,0,False,1,1,0,1,0,True,0,1,False,False,False,False,False,False
Male,178,73,178,More,9.0,,6.0,28,,26,2,4,4,2,30,,,,,,,4,4,20,30,36,,0,0,0,0,0,1,0,0,0,0,0,True,0,1,0,0,0,0,True,0,0,0,0,0,0,0,0,0,0,False,0,1,0,1,1,True,0,1,False,False,False,False,False,False
Male,182,72,181,10,11.0,11.0,9.0,31,29,30,5,15,5,2,42,,,,1,1,2,1,2,,,,,0,0,0,0,0,1,0,0,0,0,0,True,0,1,0,0,0,1,True,1,0,1,1,1,1,0,1,0,0,True,0,1,0,1,1,True,1,0,True,True,False,False,False,False
Male,165,54,165,6,7.0,6.0,5.0,25,25,23,3,6,3,3,30,,8,,,,1,2,2,,20,20,,0,0,0,0,0,1,1,0,0,1,0,True,0,1,0,0,0,0,True,0,0,0,0,0,0,0,1,0,0,True,1,1,1,1,1,True,1,0,False,False,False,False,False,False
Male,187,86,,1.5,5.0,5.0,3.0,,,,3,8,,,,,,,,,,,,,,,,0,0,0,0,0,0,0,0,0,0,0,False,0,0,0,0,0,0,False,0,0,0,0,0,0,0,0,0,0,False,0,0,0,0,0,False,0,1,False,False,False,False,False,False
Female,154,50,159,0,1.0,1.0,0.0,,,,2,4,2,,,,,,,,,2,2,,,,,0,0,0,0,0,0,0,0,0,0,0,False,0,0,0,0,0,0,False,0,0,0,0,0,0,0,0,0,0,False,1,0,1,1,1,True,1,0,False,True,False,False,False,False
Male,180,74,191,1,9.0,9.0,6.0,25,21,21,5,15,2,2,18,,,,1,1,,1,1,16,30,55,5,1,0,1,0,0,1,0,0,0,0,0,True,0,1,0,0,0,0,True,0,0,0,0,0,0,0,0,0,0,False,0,1,0,1,1,True,0,1,False,False,True,False,False,False
Male,182,68,182,2.5,5.0,5.0,4.0,25,23,21,2,6,8,3,,,,,,,1,2,3,14,10,,,0,0,0,1,0,1,1,0,1,0,1,True,0,1,0,0,0,1,True,1,0,0,0,0,0,0,1,0,0,True,1,1,0,1,1,True,0,1,False,True,False,False,False,False
Male,186,76,180,6.5,8.0,7.0,7.0,25,24,23,2,5,,,,,,,,,,,,15,,25,60,0,0,0,0,0,0,0,0,0,0,0,False,0,0,0,0,0,0,False,0,0,0,0,0,0,0,0,0,0,False,0,0,0,0,0,False,0,1,False,False,False,False,False,False
Female,163,48,150,.5,3.0,3.0,2.0,18,18,16,1,3,,,,,,,,,,,,,,,,0,0,0,0,0,0,0,0,0,0,0,False,0,0,0,0,0,0,False,0,0,0,0,0,0,0,0,0,0,False,0,0,0,0,0,False,1,0,False,False,False,False,False,False
Male,180,70,183,4.5,9.0,8.0,6.0,,,,2,6,,,,,,,,,,,,14,,70,,0,0,0,0,0,0,0,0,0,0,0,False,0,0,0,0,0,0,False,0,0,0,0,0,0,0,0,0,0,False,0,0,0,0,0,False,0,1,False,False,False,False,False,False
Male,172,58,178,1.5,12.0,11.0,8.0,,,,5,12,5,3,10,,30,,2,2,,3,3,25,,,,0,0,0,0,1,1,0,0,0,0,0,True,0,1,0,1,0,0,True,0,0,0,0,0,0,0,0,0,0,False,0,1,0,1,1,True,0,1,False,False,False,False,False,False
Male,180,65,180,2,5.0,5.0,3.0,,,,4,8,4,2,5,15,,,,,1,2,1,,32,30,15,0,0,0,0,0,1,0,0,0,0,0,True,0,1,0,0,0,0,True,1,0,0,0,0,0,0,0,0,0,True,1,1,1,0,1,True,0,1,False,False,False,False,False,False
Male,188,72,186,1,8.0,8.0,6.0,26,26,24,3,7,3,2,,,,,,,1,3,3,,27,,,0,0,1,0,0,1,1,0,0,0,0,True,1,0,0,0,0,0,True,0,0,1,0,0,0,0,0,0,0,True,1,1,1,0,1,True,1,0,False,False,False,False,False,False
Male,168,59,165,1.5,5.0,5.0,3.0,,,,3,6,3,1,,,,,,,,2,1,15,,30,,0,0,0,0,0,0,0,0,1,0,0,True,0,0,0,0,0,1,True,0,0,0,0,0,0,0,0,0,0,False,1,1,1,0,0,True,1,0,False,False,False,False,False,False
Male,160,52,163,1,5.0,4.0,3.0,,,,2,5,2,1,20,20,12,12,,,,2,2,17,20,30,15,0,0,0,0,0,0,0,0,1,0,0,True,1,0,0,0,0,0,True,0,0,0,0,0,0,0,0,0,0,False,1,1,1,0,1,True,0,1,False,True,False,False,False,False
Male,192,78,193,1,4.0,4.0,3.0,20,20,18,3,10,,,,,,,,,,,,8,15,10,15,0,0,0,0,0,0,0,0,0,0,0,False,0,0,0,0,0,0,False,0,0,0,0,0,0,0,0,0,0,False,0,0,0,0,0,False,1,0,True,False,True,False,False,False
Male,172,95,199,0,4.0,4.0,3.0,,,,2,5,,,,,,,,,,,,8,5,45,5,0,0,0,0,0,0,0,0,0,0,0,False,0,0,0,0,0,0,False,0,0,0,0,0,0,0,0,0,0,False,0,0,0,0,0,False,1,0,False,False,False,False,False,False
Male,190,93,195,3.5,7.0,6.0,5.0,,,,4,5,,,,,,,,,,2,1,15,,65,,0,0,0,0,0,0,0,0,0,0,0,False,0,0,0,0,0,0,False,0,0,0,0,0,0,0,0,0,0,False,0,1,0,0,0,True,0,1,False,True,False,False,False,False
Male,175,77,185,1.5,9.0,7.0,6.0,27,,25,3,9,3,2,,,,,,,1,2,3,20,,50,,0,0,1,0,0,1,1,0,1,0,1,True,0,0,1,0,0,1,True,1,0,0,0,1,1,0,0,0,0,True,1,1,0,1,1,True,0,1,False,False,False,False,True,False
Male,172,75,177,0,4.0,4.0,2.0,17,17,17,3,2,5,,,,,,,,,4,4,8,,,,0,0,0,0,0,0,0,0,0,0,0,False,0,0,0,0,0,0,False,0,0,0,0,0,0,0,0,0,0,False,0,1,0,1,0,True,1,0,False,False,True,False,False,False
Male,182,77,186,1.5,7.0,7.0,6.0,21,,20,3,6,3,,,,,,,,1,2,2,15,,20,,0,0,0,0,0,0,0,0,0,0,0,False,0,0,0,0,0,0,False,0,1,0,0,1,0,0,0,0,0,True,1,1,0,1,1,True,0,1,False,False,False,False,False,False
Male,190,86,191,.5,7.0,7.0,6.0,,,,6,9,5,2,,,,,,,1,2,2,,,,,1,1,1,1,0,1,1,0,1,0,1,True,0,0,1,0,1,1,True,0,0,0,1,1,1,0,0,1,0,True,1,1,0,1,0,True,0,1,False,False,False,False,False,False
Male,177,79,177,.5,4.0,4.0,2.0,18,18,17,4,8,3,3,,,,,,,2,3,3,25,,,60,1,1,1,1,0,1,1,0,1,1,1,True,0,0,0,0,0,1,True,1,0,0,0,0,1,0,1,0,0,True,0,1,0,1,1,True,1,0,True,False,False,False,False,False
Female,165,65,,1,2.0,,1.0,21,21,18,1,2,,,,,,,,,,,,2,,27,,0,0,0,0,0,0,0,0,0,0,0,False,0,0,0,0,0,0,False,0,0,0,0,0,0,0,0,0,0,False,0,0,0,0,0,False,1,0,False,False,False,True,False,False
Male,180,65,183,1.5,7.0,6.0,4.0,24,24,22,3,10,,,,,,,,,1,3,1,5,,20,,0,0,0,0,0,0,0,0,0,0,0,False,0,0,0,0,0,0,False,0,0,0,1,0,0,0,0,0,0,True,1,0,0,0,0,True,0,1,True,False,False,False,False,False
Male,180,74,180,1,6.0,6.0,4.0,25,25,24,3,6,,,,,,,,,,3,6,24,,,20,0,0,0,0,0,0,0,0,0,0,0,False,0,0,0,0,0,0,False,0,0,0,0,0,0,0,0,0,0,False,1,1,1,1,1,True,0,1,False,False,False,True,False,False
Male,173,75,,.5,6.0,6.0,4.0,,,,2,4,1,,,,,,1,1,,2,1,8,,,,0,0,0,0,0,0,0,0,0,0,0,False,0,0,0,0,0,0,False,0,0,0,0,0,0,0,0,0,0,False,0,1,0,0,0,True,1,0,False,False,False,False,False,False
Male,175,62,170,7.5,10.0,10.0,7.0,29,29,28,4,12,4,1,38,40,,,,,1,2,3,25,31,25,,0,0,0,0,0,1,0,0,1,0,0,True,1,1,0,0,0,1,True,1,1,0,0,0,1,0,0,0,0,True,1,1,1,1,1,True,0,1,False,False,False,False,False,False
Male,190,76,190,1,5.0,5.0,4.0,23,23,20,2,4,,,,,,,2,,,2,1,14,,20,,0,0,0,0,0,0,0,0,0,0,0,False,0,0,0,0,0,0,False,0,0,0,0,0,0,0,0,0,0,False,1,1,0,0,1,True,0,1,False,False,False,False,False,False
Male,170,68,167,1,4.0,3.0,3.0,23,23,19,4,10,14,2,,,,,,,,2,4,,,,,0,0,0,1,0,1,0,0,1,0,0,True,0,0,0,0,0,1,True,0,0,0,0,0,0,0,0,0,0,False,1,1,0,0,0,True,0,1,False,True,False,False,False,False
Male,188,70,180,2,8.0,8.0,5.0,,,,3,10,,,,,,,,,,,,,,,,0,0,0,0,0,0,0,0,0,0,0,False,0,0,0,0,0,0,False,0,0,0,0,0,0,0,0,0,0,False,0,0,0,0,0,False,0,1,False,False,False,False,False,False
Male,190,80,196,3,7.0,7.0,5.0,,,,3,8,1,1,,,,,1,1,1,3,1,,,,,1,1,1,1,0,0,1,0,1,0,1,True,0,0,0,0,0,1,True,1,0,0,0,0,0,0,0,0,0,True,1,1,0,1,1,True,0,1,False,False,False,False,False,False
Male,165,60,163,.5,7.0,7.0,5.0,,,,4,6,6,2,,,,,,,1,3,6,21,20,,,0,1,0,1,0,1,0,0,1,0,1,True,0,0,0,0,0,1,True,1,0,0,0,0,1,0,0,0,0,True,1,1,1,1,1,True,0,1,False,False,False,False,False,False
Male,190,83,,1.5,4.0,4.0,3.0,23,23,21,3,7,1,1,,,,,,,1,1,2,6,,35,,0,0,0,0,0,0,0,0,0,1,1,True,0,0,0,0,0,1,True,0,0,0,1,0,0,0,0,0,0,True,0,0,0,0,1,True,1,0,False,False,False,False,False,True
Male,192,78,190,.5,4.0,4.0,2.0,19,,17,,,,,,,,,,,,3,,,,,,0,0,0,0,0,0,0,0,0,0,0,False,0,0,0,0,0,0,False,0,0,0,0,0,0,0,0,0,0,False,1,1,0,0,0,True,0,1,False,True,True,False,False,False
Male,191,82,196,1,6.0,6.0,5.0,25,25,24,2,6,4,3,,,,,1,1,,1,1,25,,,,0,1,0,0,0,1,1,0,1,1,1,True,1,1,0,0,0,0,True,0,0,0,0,0,0,0,0,0,0,False,0,1,1,1,1,True,0,1,True,False,False,False,False,False
Male,198,85,198,.5,4.0,4.0,2.0,22,22,18,2,4,,,,,,,,,,,,,,30,15,0,0,0,0,0,0,0,0,0,0,0,False,0,0,0,0,0,0,False,0,0,0,1,0,0,0,0,0,0,True,0,0,0,0,0,False,0,1,True,False,False,False,False,False
Male,181,74,182,0,5.0,5.0,2.0,20,20,17,2,5,1,1,,,190,190,,,,1,1,22,,44,,0,1,1,1,0,1,1,0,1,0,1,True,0,0,1,0,0,1,True,0,0,0,0,0,0,0,0,0,0,False,0,1,1,0,1,True,0,1,True,False,False,False,False,False
Female,168,55,167,0,2.0,2.0,2.0,22,22,18,4,6,,,,,,,,,1,1,1,3,,,,0,0,0,0,0,0,0,0,0,0,0,False,0,0,0,0,0,0,False,0,0,0,0,0,0,1,0,0,0,True,0,1,1,0,0,True,1,0,True,False,False,False,False,False
Male,180,74,185,4.5,8.0,8.0,5.0,12,12,11,5,10,4,2,,47,,,1,1,1,2,2,,27,,,0,0,0,0,0,0,0,0,1,0,0,True,0,1,0,0,0,0,True,0,0,0,0,0,0,0,1,0,0,True,1,1,0,1,1,True,0,1,False,False,False,False,False,False
Female,180,76,185,More,9.0,7.0,7.0,27,,26,4,4,6,2,18,15,,,2,1,2,2,1,13,16,30,,1,0,1,0,1,0,1,0,1,0,0,True,0,1,0,0,0,0,True,0,0,0,0,0,0,0,0,1,0,True,0,1,1,1,1,True,0,1,False,False,True,False,False,False
Male,177,68,179,3,6.0,6.0,4.0,24,21,19,3,5,6,3,18,,,,,,1,3,2,25,35,60,,1,1,1,1,0,1,1,0,0,1,0,True,0,0,0,0,0,1,True,0,1,0,0,0,0,0,0,0,0,True,1,1,1,0,1,True,1,0,False,False,False,False,False,False
Female,167,57,174,13.5,9.0,7.0,5.0,26,24,24,4,10,4,3,18,,,,2,1,1,3,3,12,25,8,18,0,0,0,0,0,1,0,0,0,0,0,True,0,1,0,0,0,0,True,0,0,0,0,1,0,0,0,0,0,True,1,1,1,1,1,True,0,1,False,False,False,True,False,False
Male,173,63,,3,7.0,6.0,4.0,,,,3,6,4,,,,,,,,1,1,4,50,,45,,0,1,1,1,1,1,0,0,1,0,0,True,0,0,0,0,0,1,True,1,1,1,1,1,0,1,1,1,1,True,0,1,0,1,0,True,1,0,False,False,False,False,False,False
Male,173,127,168,1,7.0,7.0,5.0,26,26,24,3,6,,,,,,,,,,,,15,,,,0,0,0,0,0,0,0,0,0,0,0,False,0,0,0,0,0,0,False,0,0,0,0,0,0,0,0,0,0,False,0,0,0,0,0,False,1,0,False,False,False,False,False,False
Male,173,73,173,.5,4.0,4.0,2.0,,,,3,5,1,1,,,,,,,,,,8,,,,0,0,0,0,0,0,0,0,1,0,1,True,0,0,0,0,1,0,True,0,0,0,0,0,0,0,0,0,0,False,0,0,0,0,0,False,1,0,False,False,False,False,False,False
Male,180,79,,.5,6.0,6.0,4.0,25,25,21,3,5,8,2,,9,,18,,,1,3,3,20,,60,,0,0,1,1,0,0,1,0,1,0,0,True,0,1,0,0,0,1,True,0,0,0,1,0,0,0,0,0,0,True,1,1,1,0,1,True,0,1,False,False,False,True,True,False
Male,171,59,177,2.5,10.0,10.0,7.0,27,25,26,5,15,3,1,,,,,2,1,1,3,2,15,24,,20,0,0,0,0,0,0,0,0,1,0,0,True,0,0,0,0,0,1,True,0,0,0,1,1,0,0,1,1,0,True,0,1,0,1,1,True,0,1,False,False,False,False,False,False
Male,183,71,74,11.5,13.0,13.0,11.0,31,29,29,3,3,9,1,,,,,1,1,1,2,2,,,,,0,0,0,0,0,1,0,0,1,0,0,True,0,1,1,1,1,1,True,1,0,0,0,0,1,0,0,0,0,True,1,1,0,0,1,True,0,1,False,False,False,False,False,False
Male,175,68,182,.5,6.0,6.0,4.0,24,24,20,4,12,,,,,,,,,,,,19,30,,,0,0,0,0,0,0,0,0,0,0,0,False,0,0,0,0,0,0,False,0,0,0,0,0,0,0,0,0,0,False,0,0,0,0,0,False,0,1,False,False,False,False,False,True
Male,175,72,182,6.5,12.0,10.0,8.0,27,,,3,9,1,,40,70,6,12,,,,1,1,,35,,30,0,0,0,0,0,0,0,0,0,0,0,False,0,0,0,0,0,0,False,0,0,0,0,0,0,0,0,0,0,False,0,1,0,1,1,True,0,1,False,False,False,False,False,False
Male,178,85,195,2.5,,5.0,4.0,21,20,20,2,5,7,2,,,17,20,,,2,5,5,15,20,,5,0,0,0,1,0,1,0,0,0,0,0,True,1,1,0,0,0,0,True,0,1,0,1,1,0,0,0,0,1,True,1,1,1,1,1,True,0,1,False,False,False,True,False,False
Male,178,71,180,9.5,8.0,7.0,5.0,17,28,24,4,4,9,1,30,,7,,1,2,1,1,2,,40,30,30,1,0,1,1,0,1,1,1,0,1,0,True,0,1,0,0,0,1,True,0,0,0,1,0,1,0,0,1,0,True,1,0,0,1,1,True,0,1,False,True,False,False,False,False
Male,170,66,181,0,8.0,8.0,5.0,26,,20,4,7,5,,,,,,,,,2,5,15,,,,0,0,0,0,0,0,0,0,0,0,0,False,0,0,0,0,0,0,False,0,0,0,0,0,0,0,0,0,0,False,1,1,0,1,1,True,0,1,False,True,False,False,False,False
Male,182,73,,.5,4.0,4.0,3.0,25,25,21,3,5,1,,,,,,,,1,1,1,,,,,0,0,0,0,0,0,0,0,0,0,0,False,0,0,0,0,0,0,False,0,0,0,1,0,0,0,1,0,0,True,0,1,0,0,1,True,1,0,True,False,False,False,False,False
Male,181,73,170,1,6.0,6.0,4.0,,,,4,9,,,,,,,,,,,,,,,,0,0,0,0,0,0,0,0,0,0,0,False,0,0,0,0,0,0,False,0,0,0,0,0,0,0,0,0,0,False,0,0,0,0,0,False,1,0,False,False,False,False,False,True
Male,189,79,185,9.5,,,,29,28,28,4,6,5,1,,,,,1,2,1,1,2,,,,,1,1,1,1,0,1,1,1,1,0,1,True,0,0,1,0,0,0,True,0,0,0,1,0,0,0,1,1,0,True,1,1,0,1,1,True,0,1,False,False,False,False,False,False
Male,186,72,182,More,6.0,6.0,4.0,25,22,21,1,2,,,,,,,,,,,,14,,,,0,0,0,0,0,0,0,0,0,0,0,False,0,0,0,0,0,0,False,0,0,0,0,0,0,0,0,0,0,False,0,0,0,0,0,False,0,1,True,False,True,False,False,False
Male,177,63,188,3.5,10.0,9.0,6.0,29,,,6,14,4,2,,,,,1,1,,2,2,31,40,50,30,0,0,0,0,0,1,0,0,0,0,0,True,0,0,0,1,0,0,True,1,0,0,0,0,0,0,0,0,0,True,1,1,0,0,1,True,0,1,False,False,False,False,False,True
Male,5,135,5,9,10.0,10.0,7.0,25,25,,5,9,,5,,,,,,,2,7,15,12,,30,,0,0,0,0,0,1,0,0,1,0,0,True,0,0,1,0,0,1,True,1,1,0,1,0,0,0,0,0,0,True,1,1,1,1,1,True,0,1,True,False,False,False,False,False
Male,182,78,180,.5,4.0,4.0,3.0,,,,3,6,1,,,,,,,,1,1,1,20,,,,0,0,0,0,0,0,0,0,0,0,0,False,0,0,0,0,0,0,False,1,0,0,1,0,0,0,0,0,0,True,1,1,0,0,0,True,1,0,False,True,False,False,False,False
Male,175,82,175,6.5,6.0,6.0,5.0,,,,4,6,2,2,15,,,,,,2,2,,,60,30,,1,0,1,1,1,1,0,0,0,1,0,True,0,1,0,0,0,0,True,0,0,0,0,0,0,0,0,0,0,False,0,1,1,0,0,True,0,1,False,False,False,False,False,True
Male,171,59,60,2.5,6.0,6.0,5.0,,,,2,10,1,1,5,5,,5,1,1,1,2,1,20,10,25,2,0,0,0,0,0,1,1,0,1,0,0,True,0,0,0,0,0,1,True,1,0,0,0,0,0,0,0,0,0,True,1,1,0,0,1,True,0,1,False,False,False,False,False,False
Male,184,75,189,More,,,,26,25,23,3,5,1,,15,12,,,,,1,1,1,12,,25,20,1,1,1,1,0,1,1,0,1,0,1,True,0,0,1,0,0,0,True,0,0,0,0,0,0,0,1,0,1,True,0,1,0,0,1,True,0,1,True,False,False,False,False,False
Male,170,75,170,11,9.0,8.0,7.0,28,25,26,4,7,6,1,,,,,,,1,4,6,25,30,50,,0,0,0,1,0,1,0,0,1,0,1,True,0,1,1,0,0,0,True,1,0,0,1,0,0,0,0,1,0,True,1,1,1,0,1,True,0,1,True,False,True,False,False,False
Male,196,83,197,4,7.0,4.0,2.0,21,20,18,2,4,,,,,,,,,,3,2,15,,30,15,0,0,0,0,0,0,0,0,0,0,0,False,0,0,0,0,0,0,False,0,0,0,0,0,0,0,0,0,0,False,1,1,0,0,0,True,0,1,False,False,True,False,False,False
Male,180,70,175,1.5,4.0,4.0,3.0,27,27,22,2,5,,,,,,,,,,,,5,,14,,0,0,0,0,0,0,0,0,0,0,0,False,0,0,0,0,0,0,False,0,0,0,0,0,0,0,0,0,0,False,0,0,0,0,0,False,1,0,False,False,True,False,False,False
Male,178,72,182,3,7.0,7.0,4.0,24,,21,3,6,,1,,,,,2,1,,,,35,70,50,,0,0,0,1,1,1,1,0,1,0,1,True,0,0,0,0,0,1,True,0,0,0,0,0,0,0,0,0,0,False,0,0,0,0,0,False,1,0,False,False,False,False,False,False
Female,159,51,170,1,6.0,5.0,4.0,22,22,18,3,4,2,,,,,,1,1,,,,5,,5,,0,0,0,0,0,0,0,0,0,0,0,False,0,0,0,0,0,0,False,0,0,0,0,0,0,0,0,0,0,False,0,0,0,0,0,False,0,1,False,False,False,False,False,False
Male,179,87,186,8,2.0,2.0,2.0,,,,3,6,3,,,,,,,,2,2,3,10,,12,,0,0,0,0,0,0,0,0,0,0,0,False,0,0,0,0,0,0,False,0,0,0,0,1,0,0,0,0,0,True,1,1,1,1,1,True,0,1,True,False,False,False,False,False
Male,166,53,160,2.5,6.0,6.0,3.0,,,,3,5,3,1,,,,,1,1,,1,1,10,,15,,0,0,0,0,0,1,0,0,1,0,0,True,0,0,0,0,0,1,True,0,1,0,0,0,0,0,0,0,0,True,0,1,0,0,0,True,0,1,False,False,False,False,False,False
Male,182,65,190,11,10.0,9.0,6.0,25,23,24,1,4,,,,,,,,,,,,20,,40,,0,0,0,0,0,0,0,0,0,0,0,False,0,0,0,0,0,0,False,0,0,0,0,0,0,0,0,0,0,False,0,0,0,0,0,False,0,1,False,False,True,False,True,False
Male,182,72,,4,6.0,6.0,4.0,25,24,23,3,6,3,2,,,12,14,,,1,2,3,12,40,22,,0,0,1,1,0,1,1,0,1,0,0,True,0,0,1,0,0,1,True,0,1,0,1,0,0,0,0,0,0,True,1,1,1,1,1,True,0,1,True,True,True,True,False,False
Male,168,65,190,3.5,6.0,6.0,5.0,22,22,20,3,14,2,3,,,,,3,1,1,2,2,15,,30,,0,0,0,1,0,0,0,1,1,1,1,True,0,0,1,0,0,1,True,1,1,0,0,0,0,0,0,0,0,True,0,1,1,1,1,True,0,1,False,False,False,True,False,False
Male,176,81,178,More,12.0,11.0,9.0,31,29,29,3,4,3,2,50,,6,,1,1,1,2,1,15,30,40,,0,0,0,0,0,1,0,0,0,0,0,True,0,1,1,0,0,0,True,0,0,0,0,0,0,0,0,0,0,False,1,1,0,0,0,True,0,1,False,False,False,False,False,False
Female,165,53,172,8,6.0,4.0,4.0,25,23,22,2,5,5,2,12,10,,,1,1,,2,4,12,15,15,,1,1,1,1,0,1,1,0,1,1,1,True,0,1,0,0,0,1,True,0,0,0,0,0,0,0,0,0,0,False,1,1,1,0,1,True,0,1,True,False,False,False,False,False
Male,170,59,152,1,6.0,5.0,4.0,,,,3,4,,,,,,,,,,,,20,,,,0,0,0,0,0,0,0,0,0,0,0,False,0,0,0,0,0,0,False,0,0,0,0,0,0,0,0,0,0,False,0,0,0,0,0,False,1,0,False,False,False,False,False,False
Male,191,89,20,1,6.0,6.0,5.0,23,22,21,3,10,6,,,,,,1,1,1,6,7,13,,12,32,0,0,0,0,0,0,0,0,0,0,0,False,0,0,0,0,0,0,False,0,0,1,0,0,0,0,0,0,0,True,1,1,0,1,1,True,0,1,False,True,False,False,False,False
Male,188,75,193,More,8.0,7.0,6.0,28,27,25,4,4,4,2,18,18,,,,,2,2,2,16,20,30,,0,0,0,0,0,1,1,0,1,1,0,True,0,1,0,0,0,1,True,1,0,0,1,0,0,0,1,0,0,True,1,1,1,1,1,True,0,1,False,False,False,False,False,False
Female,178,66,178,.5,5.0,5.0,3.0,24,24,20,6,20,10,,,,,,,,,5,5,4,,3,,0,0,0,0,0,0,0,0,0,0,0,False,0,0,0,0,0,0,False,0,0,0,0,0,0,0,0,0,0,False,1,1,1,1,1,True,0,1,False,True,False,False,False,False
Male,185,72,185,3,5.0,5.0,3.0,23,23,19,3,6,2,2,16,13,,,,,1,3,1,15,9,40,1,0,0,0,1,0,1,1,0,0,1,0,True,0,1,0,0,0,1,True,0,1,0,1,0,0,0,0,0,0,True,1,1,1,1,1,True,1,0,False,True,False,False,False,False
Male,179,69,175,11,8.0,7.0,6.0,30,29,29,2,5,2,1,,,,,,,,1,1,,,,,1,0,1,0,0,1,1,0,0,0,1,True,0,0,0,1,0,0,True,0,0,0,0,0,0,0,0,0,0,False,1,1,0,0,0,True,0,1,False,False,False,False,False,False
Male,183,69,176,More,6.0,,3.0,30,29,28,2,10,3,1,17,,12,,,,,2,1,15,,35,,0,0,0,0,0,1,0,0,0,0,0,True,0,1,1,0,0,0,True,0,0,0,0,0,0,0,0,0,0,False,1,1,0,1,1,True,0,1,False,False,False,False,False,False
Male,184,68,179,More,10.0,8.0,7.0,31,30,28,3,6,6,,,,,,1,1,,1,1,20,,20,,0,0,0,0,0,0,0,0,0,0,0,False,0,0,0,0,0,0,False,0,0,0,0,0,0,0,0,0,0,False,1,1,0,1,1,True,0,1,False,False,False,False,False,False
Male,180,79,183,5.5,9.0,9.0,6.0,,,,3,9,2,1,,,10,10,,,1,1,1,20,25,50,,0,0,0,1,0,1,0,0,1,0,1,True,0,0,1,0,0,0,True,1,0,0,0,0,0,0,0,0,0,True,1,1,0,1,1,True,0,1,False,True,False,False,False,False
Male,183,70,182,7,9.0,9.0,7.0,27,,23,3,9,3,3,54,,7,,,,1,3,2,20,27,19,20,0,0,0,0,0,1,0,0,0,0,0,True,0,1,0,0,0,0,True,0,0,1,0,0,0,0,0,0,0,True,1,1,0,1,0,True,0,1,False,False,False,False,False,False
Male,182,77,180,11,13.0,10.0,9.0,29,20,24,3,7,3,2,,,,,,,1,2,1,,,,,0,0,0,0,0,1,0,0,0,0,0,True,0,0,0,1,0,0,True,0,0,0,0,0,0,0,0,1,0,True,0,1,0,1,0,True,0,1,False,False,False,True,False,False
Male,178,65,178,3,7.0,7.0,5.0,25,25,21,3,9,1,1,,20,,,,,1,,,12,,100,1,0,0,0,0,0,0,0,0,1,0,0,True,0,1,0,0,0,0,True,0,0,0,1,0,0,0,0,0,0,True,0,0,0,0,0,False,0,1,False,False,False,False,False,True
Male,179,68,179,4.5,,,,28,28,25,4,14,,,,,,,,,,1,1,7,68,30,,0,0,0,0,0,0,0,0,0,0,0,False,0,0,0,0,0,0,False,0,0,0,0,0,0,0,0,0,0,False,1,1,1,0,1,True,0,1,True,False,True,False,False,False
Male,177,73,183,14,12.0,11.0,10.0,30,,28,4,12,4,3,30,40,6,6,2,1,,3,2,20,40,40,10,1,0,0,0,1,1,0,0,0,0,0,True,0,1,0,0,0,0,True,0,0,0,0,0,0,0,0,0,0,False,1,1,0,1,1,True,0,1,False,False,False,False,False,False
Female,1,70,166,7.5,6.0,6.0,4.0,25,,,5,17,5,1,,,,,,,2,2,1,,17,,21,0,0,0,1,0,0,0,0,1,0,1,True,0,1,1,0,0,1,True,0,0,1,0,1,0,0,0,1,0,True,0,1,1,1,0,True,1,0,False,False,False,False,False,False
Male,183,73,192,4,5.0,3.0,4.0,27,21,22,1,4,3,1,,,,,,,,2,4,20,40,20,,0,0,1,1,1,1,1,0,1,0,1,True,0,0,0,0,0,1,True,0,0,0,0,0,1,0,0,0,0,True,1,1,1,1,1,True,0,1,False,False,False,False,False,False
Male,178,66,176,More,6.0,7.0,5.0,26,24,23,3,6,7,,,,,,,,1,,,10,,,,0,0,0,0,0,0,0,0,0,0,0,False,0,0,0,0,0,0,False,0,0,0,1,0,0,0,1,0,0,True,0,0,1,0,0,True,0,1,True,False,False,False,False,False
Male,173,67,173,4,6.0,4.0,5.0,25,24,24,3,6,4,,,,,,,,,2,3,15,,,,0,0,0,0,0,0,0,0,0,0,0,False,0,0,0,0,0,0,False,0,0,0,0,0,0,1,0,0,0,True,0,0,0,1,1,True,0,1,False,False,False,False,False,False
Male,176,70,20,More,9.0,6.0,4.0,29,23,22,3,9,4,2,20,10,10,10,,,3,2,4,15,20,,,0,0,0,0,0,1,0,0,1,0,1,True,0,1,1,0,0,0,True,0,1,0,0,0,0,1,1,0,1,True,1,1,1,1,1,True,0,1,False,False,False,False,False,True
Male,176,68,179,9.5,6.0,6.0,5.0,26,25,24,2,5,5,,,,,,,,1,1,1,,,,,0,0,1,0,0,0,1,1,1,0,1,True,0,0,0,0,1,0,True,0,0,0,1,0,0,0,1,0,1,True,1,1,0,1,0,True,0,1,True,False,False,False,False,False
Male,180,63,184,3.5,10.0,7.0,6.0,,,,,,,1,,,,,,,1,2,1,8,,30,,0,0,0,0,0,0,0,0,0,0,1,True,0,0,0,0,1,0,True,0,0,0,0,0,0,1,0,0,0,True,1,1,0,1,1,True,0,1,False,False,False,False,False,False
Female,159,51,161,7,6.0,5.0,2.0,24,23,18,3,8,4,1,,,,,,,1,3,2,7,,15,,0,0,1,1,0,0,1,0,1,0,0,True,0,0,0,0,1,1,True,0,0,0,0,0,1,1,0,0,0,True,1,1,1,0,0,True,0,1,False,True,False,True,False,False
Male,177,58,179,10,10.0,9.0,7.0,28,27,26,5,6,5,2,28,28,,,,,2,2,2,28,30,,,0,0,0,0,1,1,0,0,1,0,0,True,0,1,1,0,0,0,True,1,0,0,0,0,0,0,0,0,0,True,1,1,0,0,1,True,0,1,False,True,False,False,False,False
Male,188,77,188,9.5,7.0,7.0,6.0,26,25,25,3,9,1,1,30,,18,,1,1,,1,1,14,,30,8,0,0,1,0,0,1,1,0,0,0,0,True,0,1,1,0,0,0,True,0,0,0,0,0,0,0,0,0,0,False,1,0,1,1,1,True,0,1,False,True,False,False,False,False
Male,175,62,174,9,11.0,11.0,7.0,30,,26,3,8,2,,,,,,2,2,,2,2,,,,,0,1,1,1,0,1,1,0,1,0,1,True,0,0,0,0,1,0,True,0,0,0,0,0,0,0,0,0,0,False,0,0,0,0,0,False,0,1,False,False,False,False,False,False
Male,173,72,173,More,7.0,6.0,6.0,32,28,29,3,12,4,1,,,,,1,1,1,1,1,20,,30,,1,1,1,1,0,1,1,0,1,1,1,True,0,0,0,0,0,1,True,0,0,0,1,0,0,1,0,0,0,True,1,1,0,1,1,True,0,1,False,False,False,False,False,False
Male,193,88,198,More,5.0,4.0,3.0,23,23,20,3,8,2,1,,,14,,,,1,2,2,11,,28,,0,0,0,0,0,1,0,0,0,0,0,True,0,0,0,0,0,1,True,1,1,0,0,0,1,0,0,0,0,True,1,1,1,1,1,True,0,1,False,True,False,False,False,False
Male,188,84,196,3,8.0,8.0,5.0,24,23,23,4,6,7,,30,,10,,1,1,2,2,2,25,30,40,,0,0,0,0,0,0,0,0,0,0,0,False,0,1,0,0,0,0,True,0,0,0,0,0,0,1,0,0,0,True,1,1,0,0,1,True,0,1,False,False,False,False,False,False
Male,184,76,186,2,6.0,6.0,3.0,23,20,19,3,8,,,,,,,,,,,,15,,,,0,0,0,0,0,0,0,0,0,0,0,False,0,0,0,0,0,0,False,0,0,0,0,0,0,0,0,0,0,False,0,0,0,0,0,False,0,1,True,False,False,False,False,False
Female,170,55,170,.5,4.0,4.0,2.0,20,20,18,3,4,1,,,,,,,,1,1,2,8,8,30,1,0,0,0,0,0,0,0,0,0,0,0,False,0,0,0,0,0,0,False,0,0,0,1,0,0,0,1,0,0,True,1,1,1,1,1,True,0,1,False,False,False,True,False,False
Male,175,68,175,More,5.0,2.0,1.0,23,23,21,1,4,,,,,,,,,,,,20,,35,,0,0,0,0,0,0,0,0,0,0,0,False,0,0,0,0,0,0,False,0,0,0,0,0,0,0,0,0,0,False,0,0,0,0,0,False,0,1,False,True,False,False,False,False
Male,167,61,169,2,9.0,9.0,7.0,26,26,23,2,10,,,,,,,,,,,,,,,,0,0,0,0,0,0,0,0,0,0,0,False,0,0,0,0,0,0,False,0,0,0,0,0,0,0,0,0,0,False,0,0,0,0,0,False,0,1,False,False,False,False,False,False
Male,178,61,179,6,10.0,8.0,7.0,29,28,26,3,8,1,,,,,,,,,,1,24,,,,0,0,0,0,0,0,0,0,0,0,0,False,0,0,0,0,0,0,False,0,0,0,0,0,0,0,0,0,0,False,0,1,0,1,0,True,0,1,False,False,False,False,False,False
Male,174,64,184,.5,3.0,3.0,2.0,,,,2,4,,,,,,,,,,,,,,,,0,0,0,0,0,0,0,0,0,0,0,False,0,0,0,0,0,0,False,0,0,0,0,0,0,0,0,0,0,False,1,1,1,1,1,True,1,0,False,False,False,False,False,False
Female,162,53,170,12,10.0,9.0,7.0,,,,3,12,6,2,20,,,,,,,2,4,5,,,,0,0,0,0,0,1,0,0,0,0,0,True,0,1,0,0,0,0,True,0,0,0,0,0,0,0,0,0,0,False,1,0,0,0,1,True,0,1,False,True,False,False,False,False
Male,179,74,179,2.5,6.0,6.0,4.0,,,,1,5,4,2,,,8,9,,,1,2,4,15,,25,,0,0,0,0,0,1,0,0,1,0,0,True,0,0,1,0,1,0,True,0,0,0,0,1,0,1,0,0,0,True,1,1,0,1,1,True,0,1,False,False,False,False,False,True
Male,177,79,177,1,3.0,3.0,2.0,,,,1,1,,,,,,,,,,2,3,10,,30,,0,0,0,0,0,0,0,0,0,0,0,False,0,0,0,0,0,0,False,0,0,0,0,0,0,0,0,0,0,False,0,1,1,1,1,True,1,0,True,False,False,False,False,False
Male,172,71,177,2,4.0,4.0,3.0,,,,3,7,7,,,,,,,,3,,,,,,,0,0,0,0,0,0,0,0,0,0,0,False,0,0,0,0,0,0,False,1,0,0,0,0,0,1,0,0,1,True,0,0,0,0,0,False,1,0,False,False,False,False,False,False
Male,189,74,192,8,12.0,11.0,9.0,32,31,30,5,13,2,2,35,,,,,,1,2,2,25,25,50,,0,0,0,0,0,1,0,0,0,0,0,True,0,1,0,1,0,1,True,0,1,0,0,0,0,1,0,0,0,True,1,1,0,1,1,True,0,1,False,True,False,False,False,False
Female,159,53,158,10.5,7.0,7.0,4.0,24,24,22,2,6,6,1,,27,,,1,2,2,1,2,12,,10,,0,1,0,1,1,1,0,0,1,1,1,True,0,1,0,1,1,1,True,0,0,0,1,0,1,0,1,1,0,True,1,1,1,1,1,True,0,1,False,True,False,True,False,False
Male,181,71,183,7.5,9.0,9.0,5.0,29,29,24,5,8,3,1,,,,,2,2,1,3,1,22,,,,0,0,0,0,0,1,0,0,1,0,1,True,0,1,0,0,0,0,True,1,0,0,0,0,1,0,0,0,0,True,1,1,0,0,1,True,0,1,False,True,False,False,False,False
Male,175,57,180,2.5,7.0,7.0,4.0,23,23,19,3,4,5,2,,13,,,,,2,2,1,13,20,,,0,1,0,1,0,1,0,0,1,1,0,True,0,1,0,0,0,1,True,0,1,0,0,0,1,0,0,0,0,True,1,1,0,1,0,True,0,1,True,False,True,False,True,False
Male,174,57,180,6,12.0,11.0,8.0,,,,4,5,12,1,40,35,8,8,,,3,1,2,35,45,80,,0,0,0,0,1,1,0,1,1,0,0,True,0,1,1,1,0,1,True,1,0,0,1,0,0,0,0,0,1,True,0,1,0,1,1,True,0,1,False,False,False,False,False,False
Male,183,76,190,6.5,3.0,3.0,2.0,25,25,21,3,12,6,,,,,,,,1,6,6,30,,20,1,0,0,0,0,0,0,0,0,0,0,0,False,0,0,0,0,0,0,False,0,0,0,0,0,0,0,1,0,0,True,1,1,1,1,1,True,0,1,False,False,False,False,False,True
Male,180,70,180,4.5,6.0,7.0,4.0,15,15,15,3,6,3,3,,,,14,2,1,1,2,1,,,,,0,0,1,1,0,1,1,0,1,0,1,True,0,0,0,1,0,1,True,1,0,0,1,0,1,0,0,1,0,True,0,1,0,1,0,True,0,1,False,False,False,False,False,False
Male,180,68,181,3,10.0,10.0,7.0,,,,3,5,1,2,64,64,8,,,,1,,,15,30,30,,0,0,0,0,0,1,0,0,0,0,0,True,0,1,1,0,0,0,True,0,0,0,1,0,0,0,0,0,0,True,0,0,0,0,0,False,0,1,False,False,False,False,False,True
Male,173,77,180,10,7.0,7.0,5.0,27,25,24,4,6,3,1,32,,8,,1,1,1,3,2,16,25,,26,0,0,0,0,0,1,1,0,0,1,0,True,0,1,0,0,0,0,True,0,0,0,1,0,1,0,0,0,0,True,1,1,1,1,1,True,0,1,False,True,False,False,False,False
Male,187,78,183,0,4.0,4.0,3.0,20,20,19,2,6,,,,,,,,,2,3,4,,,,,0,0,0,0,0,0,0,0,0,0,0,False,0,0,0,0,0,0,False,0,1,0,0,0,0,1,0,0,0,True,1,1,1,1,1,True,1,0,True,False,False,False,False,False
Male,184,76,192,.5,7.0,7.0,4.0,25,24,23,3,9,5,,,,,,,,,2,8,23,,35,40,0,0,0,0,1,1,0,0,0,1,1,True,0,0,1,0,0,0,True,0,0,0,0,0,0,0,0,0,0,False,1,1,1,1,1,True,1,0,False,True,False,False,False,False
Male,178,70,178,2.5,4.0,4.0,4.0,26,26,25,3,4,2,3,23,,10,,,,,2,1,,23,,,0,0,0,0,0,1,1,0,0,0,0,True,1,0,0,0,0,1,True,0,0,0,0,0,0,0,0,0,0,False,0,1,0,0,0,True,0,1,False,False,False,False,False,False
Male,189,80,188,3,7.0,7.0,5.0,,,,4,10,4,2,38,38,8,,,,1,3,4,20,34,50,20,0,0,0,0,0,1,0,0,0,0,0,True,0,1,0,0,0,0,True,1,0,0,1,1,0,0,0,0,0,True,1,1,1,1,1,True,0,1,False,False,False,False,False,True
Female,162,56,162,8.5,10.0,9.0,7.0,,,,4,4,15,2,55,75,6,8,1,2,1,1,2,,40,,,0,1,0,1,1,1,0,0,1,0,1,True,1,1,1,1,0,1,True,1,1,0,0,0,0,0,0,0,0,True,1,1,1,0,1,True,0,1,False,True,False,True,False,False
Male,177,65,177,1,6.0,6.0,4.0,25,22,23,3,10,,,,,,,,,,,,10,,25,,0,0,0,0,0,0,0,0,0,0,0,False,0,0,0,0,0,0,False,0,0,0,0,0,0,0,1,0,0,True,0,0,0,0,0,False,0,1,False,False,False,False,False,False
Female,188,92,193,3.5,5.0,5.0,3.0,,,,4,8,3,1,,,12,18,1,1,,2,3,15,18,25,,0,0,0,1,0,1,1,0,1,0,1,True,0,0,1,0,1,0,True,0,0,0,0,0,0,0,0,0,0,False,1,1,0,1,0,True,1,0,False,False,False,False,False,True
Male,180,158,185,1,4.0,4.0,3.0,25,24,22,4,10,6,,,,,,,,2,2,5,15,,25,100,0,0,0,0,0,0,0,0,0,0,0,False,0,0,0,0,0,0,False,0,0,0,1,0,0,1,0,0,0,True,1,1,1,1,1,True,1,0,False,False,False,True,False,False
Female,167,58,167,.5,4.0,4.0,2.0,24,22,20,4,7,1,1,,,,,,,1,2,1,3,,25,,0,0,1,1,1,0,1,0,0,1,1,True,0,0,0,0,0,1,True,1,1,0,1,0,0,0,1,0,0,True,1,1,1,1,1,True,0,1,False,False,False,False,True,False
Male,170,61,170,4.5,10.0,9.0,8.0,26,24,20,1,3,3,2,,,,,1,1,,2,2,15,50,15,2,1,1,1,1,0,0,1,0,1,0,1,True,0,0,0,1,0,0,True,0,0,0,0,0,0,0,0,0,0,False,1,1,0,1,1,True,0,1,False,False,False,False,False,False
Male,190,68,193,8,11.0,,7.0,29,20,17,3,12,4,,,,,,,,4,3,4,100,,100,,0,0,0,0,0,0,0,0,0,0,0,False,0,0,0,0,0,0,False,0,0,0,1,0,0,1,1,0,1,True,1,1,1,0,1,True,0,1,False,True,False,True,False,False
Male,178,59,178,4.5,8.0,7.0,5.0,,,,2,4,,,,,,,,,,,,,,,,0,0,0,0,0,0,0,0,0,0,0,False,0,0,0,0,0,0,False,0,0,0,0,0,0,0,0,0,0,False,0,0,0,0,0,False,1,0,False,False,False,False,False,False
Male,183,77,183,1,4.0,3.0,2.0,23,23,18,4,8,,,,,,,,,1,,,,,,,0,0,0,0,0,0,0,0,0,0,0,False,0,0,0,0,0,0,False,1,0,0,0,0,0,0,0,0,0,True,0,0,0,0,0,False,1,0,False,False,False,False,False,False
Male,179,70,182,1,3.0,3.0,2.0,20,20,18,3,7,1,,,,,,,,1,2,3,8,,,,0,0,0,0,0,0,0,0,0,0,0,False,0,0,0,0,0,0,False,1,1,0,0,0,0,0,0,0,0,True,1,1,1,1,1,True,0,1,False,True,True,False,False,False
Male,180,67,180,.5,4.0,4.0,4.0,,,,2,5,3,,,,,,,,,5,3,,,40,16,0,0,0,0,0,0,0,0,0,0,0,False,0,0,0,0,0,0,False,0,0,0,0,0,0,0,0,0,0,False,1,1,1,0,1,True,1,0,False,False,False,False,False,True
Female,162,53,164,0,2.0,2.0,1.0,15,15,14,4,8,,,,,,,,,,4,2,8,,,,0,0,0,0,0,0,0,0,0,0,0,False,0,0,0,0,0,0,False,1,0,0,0,0,0,0,0,0,0,True,0,1,1,1,0,True,0,1,False,False,False,False,False,False
Female,170,54,169,1,3.0,3.0,2.0,23,23,20,3,4,2,,,,,,,,,2,2,10,,50,,0,0,0,0,0,0,0,0,0,0,0,False,0,0,0,0,0,0,False,0,0,0,0,0,0,0,0,0,0,False,1,1,1,1,1,True,0,1,True,True,False,False,False,False
Male,168,68,170,2,3.0,3.0,1.0,22,22,17,5,8,6,2,,,,,,,2,2,1,,,,,0,0,0,0,0,1,0,0,1,0,0,True,0,0,0,0,0,1,True,0,0,0,1,0,1,0,0,0,0,True,1,1,0,0,0,True,0,1,False,False,False,False,False,False
Male,187,74,198,4.5,9.0,8.0,8.0,28,27,27,5,10,5,2,,20,,,3,2,4,4,2,25,,40,25,0,0,0,0,0,0,0,0,1,1,1,True,0,1,0,1,0,1,True,0,0,0,1,1,1,0,1,1,0,True,0,1,0,1,1,True,0,1,False,False,False,False,False,True
Male,188,75,192,5.5,10.0,10.0,7.0,31,31,27,4,15,4,2,65,30,8,8,,,2,2,2,,,25,28,0,0,0,0,0,1,0,0,1,0,0,True,0,1,0,0,0,0,True,1,0,0,0,0,0,0,0,0,1,True,1,0,0,0,1,True,0,1,False,False,False,False,True,False
Male,177,66,183,4.5,,,,27,27,22,3,9,,,,,,,,,,,,18,,35,,0,0,0,0,0,0,0,0,0,0,0,False,0,0,0,0,0,0,False,0,0,0,0,0,0,0,0,0,0,False,0,0,0,0,0,False,0,1,True,False,False,False,False,False
Male,168,63,171,2.5,7.0,7.0,5.0,24,24,20,3,7,2,,,,,,,,,3,1,17,30,30,15,0,0,0,0,0,0,0,0,0,0,0,False,0,0,0,0,0,0,False,0,0,0,0,0,0,0,0,0,1,True,1,0,0,1,0,True,0,1,False,False,False,False,False,False
Male,193,81,,.5,4.0,4.0,2.0,21,21,20,3,4,2,,,,,,,,,2,2,5,,15,,0,0,0,0,0,0,0,0,0,0,0,False,0,0,0,0,0,0,False,0,0,0,0,0,0,0,0,0,0,False,0,1,0,1,1,True,1,0,False,False,False,False,False,False
Male,172,72,160,2.5,5.0,5.0,4.0,23,23,20,2,4,2,2,9,6,,,,,1,1,2,,,,,0,0,0,0,0,1,0,0,1,0,0,True,0,0,0,0,1,0,True,0,1,1,0,0,0,0,0,0,0,True,1,1,0,1,1,True,0,1,False,True,False,False,False,False
Male,181,72,184,3,9.0,9.0,7.0,29,28,27,2,6,9,2,,,,,1,1,,3,9,25,27,30,25,1,0,1,0,0,1,1,0,1,1,1,True,0,0,0,0,0,1,True,0,0,0,0,0,0,0,0,0,0,False,1,1,0,1,1,True,0,1,False,False,False,False,False,False
Female,170,58,180,14,9.0,9.0,6.0,26,25,25,4,12,1,,,,,,,,,,,8,,15,,0,0,0,0,0,0,0,0,0,0,0,False,0,0,0,0,0,0,False,0,0,0,0,0,0,0,0,0,0,False,0,0,0,0,0,False,0,1,True,False,False,False,False,False
Male,172,70,180,1.5,5.0,4.0,3.0,25,25,23,1,2,,,,,,,,,,3,3,20,,50,,0,0,0,0,0,0,0,0,0,0,0,False,0,0,0,0,0,0,False,0,0,0,0,0,0,0,0,0,0,False,1,1,1,0,1,True,0,1,False,False,False,False,False,False
Male,186,74,190,3,9.0,8.0,7.0,,,,4,10,2,,,,,,,,1,2,2,15,,20,,0,0,0,0,0,0,0,0,0,0,0,False,0,0,0,0,0,0,False,1,0,0,1,0,0,0,0,0,0,True,1,1,1,1,1,True,1,0,False,False,False,False,False,False
Male,183,80,175,.5,4.0,4.0,2.0,22,18,16,1,3,6,,,,,,,,1,5,6,15,,20,,0,0,0,0,0,0,0,0,0,0,0,False,0,0,0,0,0,0,False,0,0,0,1,1,0,0,0,0,0,True,1,1,1,1,1,True,0,1,False,True,False,True,False,False
Male,182,79,185,3.5,6.0,6.0,5.0,24,22,22,2,4,2,2,,,,,,,,1,2,10,,,,0,0,1,1,0,0,1,0,1,0,1,True,0,0,0,0,1,0,True,0,0,0,0,0,0,0,0,0,0,False,0,0,0,1,1,True,0,1,False,False,False,False,False,True
Male,178,55,180,.5,5.0,4.0,2.0,,,,1,2,,,,,,,,,,4,8,15,50,,,0,0,0,0,0,0,0,0,0,0,0,False,0,0,0,0,0,0,False,0,0,0,0,0,0,0,0,0,0,False,1,1,1,1,1,True,1,0,False,False,False,False,False,True
Male,177,132,177,6,7.0,6.0,5.0,,,,3,6,,,,,,,,,,3,3,15,,17,,0,0,0,0,0,0,0,0,0,0,0,False,0,0,0,0,0,0,False,0,0,0,0,0,0,0,0,0,0,False,0,1,1,1,1,True,1,0,False,True,False,False,True,False
Male,175,61,177,1,8.0,8.0,5.0,24,24,21,4,10,12,,,,,,,,1,1,2,15,,35,5,0,0,0,0,0,0,0,0,0,0,0,False,0,0,0,0,0,0,False,1,0,0,0,0,0,0,1,0,0,True,0,1,1,1,1,True,0,1,False,True,True,False,False,False
Male,177,81,176,1,6.0,5.0,4.0,22,22,20,3,12,2,,,,,,,,,1,1,6,,,,0,0,0,0,0,0,0,0,0,0,0,False,0,0,0,0,0,0,False,0,0,0,0,0,0,0,0,0,0,False,0,1,1,1,0,True,0,1,False,False,False,False,False,False
Female,155,47,157,1.5,4.0,3.0,3.0,,,,1,8,3,1,,,,,1,1,1,3,2,12,,31,,0,0,0,0,1,1,0,1,1,1,1,True,0,1,1,0,0,1,True,1,0,0,1,0,0,0,0,0,0,True,0,1,1,1,1,True,1,0,False,False,False,True,False,False
Male,187,85,190,.5,4.0,4.0,3.0,29,24,24,2,4,5,2,,,,,1,1,2,3,1,15,,50,,0,1,0,1,1,1,0,0,1,1,1,True,0,0,0,0,0,1,True,1,0,0,0,0,1,0,0,0,0,True,1,1,1,1,1,True,1,0,False,False,True,False,False,False
Male,183,70,190,2.5,8.0,8.0,6.0,24,24,23,3,8,4,,30,30,12,12,,,,4,4,18,20,40,40,0,0,0,0,0,0,0,0,0,0,0,False,0,0,0,0,0,0,False,0,0,0,0,0,0,1,0,0,0,True,1,1,1,1,1,True,0,1,True,False,False,False,False,False
Male,178,63,185,13,11.0,9.0,8.0,30,29,29,3,6,3,1,45,45,6,6,1,1,1,3,1,24,35,30,,0,0,0,1,0,0,0,0,1,1,1,True,0,1,1,0,0,1,True,1,0,0,1,0,1,0,0,1,0,True,1,1,0,1,1,True,0,1,False,False,False,True,False,False
Female,156,42,130,1.5,0.0,0.0,0.0,18,18,17,2,4,1,,,,,,,,1,1,1,,,,,0,0,0,0,0,0,0,0,0,0,0,False,0,0,0,0,0,0,False,0,0,0,1,0,0,0,0,0,0,True,0,1,0,0,0,True,0,1,False,False,False,False,False,False
Male,165,63,175,4,10.0,9.0,8.0,25,,,4,15,6,2,43,,14,,1,3,,1,2,,,,,0,0,0,0,0,1,0,0,0,0,0,True,0,1,1,0,1,0,True,0,0,0,0,0,0,0,0,0,0,False,1,1,0,1,0,True,0,1,False,False,False,False,False,False
Male,177,70,177,0,2.0,2.0,1.0,20,20,17,1,3,3,,,,,,,,,2,3,8,,,6,0,0,0,0,0,0,0,0,0,0,0,False,0,0,0,0,0,0,False,0,0,0,0,0,0,0,0,0,0,False,0,0,1,1,1,True,1,0,False,False,False,False,False,False
Male,178,79,178,3,6.0,6.0,4.0,21,21,19,3,5,1,1,,,,,1,1,,2,3,,,,,0,0,0,1,0,1,0,0,1,0,1,True,0,0,0,0,0,1,True,0,0,0,0,0,0,0,0,0,0,False,1,1,0,0,1,True,1,0,True,True,True,False,False,False
Male,177,59,,1,9.0,9.0,5.0,27,26,24,5,10,,,,,,,,,,,,,,,,0,0,0,0,0,0,0,0,0,0,0,False,0,0,0,0,0,0,False,0,0,0,0,0,0,0,0,0,0,False,0,0,0,0,0,False,1,0,False,False,False,False,False,False
Male,194,86,,.5,6.0,6.0,3.0,22,22,20,3,2,6,1,,,,,1,2,1,1,2,25,,25,,0,0,0,0,0,0,0,0,1,1,1,True,0,0,1,0,0,0,True,1,0,0,1,0,0,0,0,0,0,True,1,0,0,1,0,True,0,1,True,True,False,False,False,False
Male,172,61,174,3.5,10.0,10.0,7.0,,,,4,10,10,1,16,24,8,8,,,1,3,3,22,24,60,30,0,0,0,1,0,1,0,1,1,0,0,True,1,1,1,0,0,0,True,1,1,0,0,0,0,0,1,1,0,True,1,1,1,1,1,True,0,1,False,False,False,False,False,False
Male,178,73,190,1,6.0,6.0,4.0,,,,3,6,3,,,,,,,,1,3,3,15,35,40,30,0,0,0,0,0,0,0,0,0,0,0,False,0,0,0,0,0,0,False,1,0,0,0,0,0,0,0,0,0,True,1,1,1,1,1,True,1,0,True,False,False,False,False,False
Male,175,68,175,7,6.0,5.0,4.0,25,25,23,2,5,2,1,32,30,6,8,,,1,1,1,15,25,20,,0,0,0,1,0,1,0,0,1,0,0,True,0,1,0,0,0,0,True,0,1,0,1,0,0,0,0,0,0,True,1,1,0,1,1,True,0,1,False,False,True,False,False,False
Male,190,78,190,3,7.0,7.0,5.0,25,24,24,4,8,6,3,,,8,,,,,2,2,15,20,25,,0,0,0,0,0,1,0,0,0,0,0,True,0,1,1,0,0,0,True,0,0,0,0,0,0,0,0,0,0,False,1,1,1,1,1,True,0,1,True,True,True,False,False,False
Male,187,77,195,2.5,9.0,9.0,5.0,28,28,22,3,2,2,1,20,20,,,1,1,1,2,3,25,40,30,20,0,0,0,1,0,1,1,0,1,1,1,True,0,0,1,0,1,1,True,1,0,0,0,0,0,0,0,0,0,True,1,1,1,0,1,True,1,0,False,False,True,False,False,False
Male,184,75,78,4,6.0,6.0,4.0,22,22,21,2,6,2,4,10,15,,,,,2,1,1,15,50,,,0,0,0,0,0,1,0,0,1,0,0,True,0,0,0,1,0,0,True,0,1,1,1,0,0,0,0,0,0,True,0,1,0,1,1,True,0,1,False,False,False,False,False,False
Male,178,79,181,.5,6.0,6.0,4.0,25,25,23,3,5,4,2,,20,,,,,2,3,3,17,15,70,,0,0,1,1,0,0,1,0,1,0,1,True,0,1,0,0,0,1,True,0,0,0,1,0,1,0,0,0,0,True,1,1,0,1,1,True,0,1,False,False,False,True,False,False
Female,170,51,168,5,7.0,4.0,4.0,28,,21,2,4,5,,,,,,,,,1,1,15,,30,,0,0,0,0,0,0,0,0,0,0,0,False,0,0,0,0,0,0,False,0,0,0,0,0,0,0,1,0,0,True,0,1,1,1,1,True,0,1,False,False,False,False,False,False
Male,182,83,180,1,6.0,6.0,3.0,,,,3,5,4,,,,,,1,1,,,,6,,,,0,0,0,0,0,0,0,0,0,0,0,False,0,0,0,0,0,0,False,1,0,1,0,0,0,0,0,0,0,True,1,1,0,1,1,True,0,1,False,False,False,False,False,False
Male,165,68,178,More,13.0,10.0,10.0,33,33,32,3,5,4,,,,,,,,,,,10,,30,,0,0,0,0,0,0,0,0,0,0,0,False,0,0,0,0,0,0,False,0,0,0,1,0,0,0,0,0,0,True,0,0,0,0,0,False,0,1,False,False,False,False,False,False
Male,177,71,177,.5,5.0,5.0,4.0,,,,3,3,3,,,,,,1,1,,,,15,,20,,0,0,0,0,0,0,0,0,0,0,0,False,0,0,0,0,0,0,False,0,0,0,0,0,0,0,0,0,0,False,0,1,0,0,0,True,1,0,False,False,False,False,False,False
Male,183,80,183,2,7.0,7.0,4.0,26,24,22,2,3,1,,,,,,1,,,1,1,15,40,40,,0,0,0,0,0,0,0,0,0,0,0,False,0,0,0,0,0,0,False,0,0,0,0,0,0,0,0,0,0,False,1,1,0,1,1,True,0,1,False,False,False,True,False,False
Male,183,70,187,.5,7.0,7.0,5.0,25,25,22,3,8,1,,,,,,,,,,,18,,,,0,0,0,0,0,0,0,0,0,0,0,False,0,0,0,0,0,0,False,0,0,0,0,0,0,0,0,0,0,False,0,0,0,0,0,False,0,1,False,False,False,False,False,False
Female,178,61,170,1,3.0,3.0,2.0,19,19,17,3,9,1,,,,,,,,1,1,1,3,,10,,0,0,0,0,0,0,0,0,0,0,0,False,0,0,0,0,0,0,False,0,0,1,1,0,0,0,0,0,0,True,0,1,0,0,0,True,0,1,True,False,False,False,False,False
Male,180,74,180,7.5,10.0,10.0,9.0,31,30,28,4,14,6,2,,38,3,,1,1,1,1,1,15,,,,0,0,0,0,0,1,0,0,0,0,0,True,0,1,1,0,0,0,True,1,0,0,0,0,0,0,0,0,0,True,0,1,0,0,0,True,0,1,False,False,False,False,False,False
Male,175,72,182,0,,,,26,26,25,3,8,1,2,,,,,,,2,4,4,18,27,40,15,0,0,0,1,0,0,0,0,1,1,1,True,1,0,0,0,0,1,True,1,0,0,0,0,1,0,0,0,0,True,1,1,1,1,1,True,1,0,False,True,True,False,False,False
Male,168,59,168,0,7.0,7.0,6.0,22,22,20,2,3,4,2,9,9,18,18,,,,2,4,12,4,20,,0,0,0,0,0,0,0,0,1,1,0,True,0,1,0,0,0,0,True,0,0,0,0,0,0,0,0,0,0,False,0,0,0,1,1,True,1,0,False,False,False,False,False,False
Female,162,153,162,1,4.0,3.0,2.0,22,20,18,4,10,1,,,,,,,,1,,,,,,,0,0,0,0,0,0,0,0,0,0,0,False,0,0,0,0,0,0,False,1,0,0,1,0,0,0,1,0,0,True,0,0,0,0,0,False,0,1,False,False,False,True,False,False
Male,172,72,172,3.5,7.0,7.0,5.0,,,,4,4,10,2,10,,,,,,1,2,4,20,70,30,,0,0,0,0,0,1,0,0,0,1,0,True,1,1,0,0,0,0,True,0,1,0,0,0,0,0,0,0,0,True,1,1,0,1,1,True,0,1,False,False,False,False,False,False
Male,178,77,178,4.5,7.0,6.0,4.0,27,24,22,3,8,2,,,,,,,,1,1,2,15,,,,0,0,0,0,0,0,0,0,0,0,0,False,0,0,0,0,0,0,False,1,0,0,1,0,0,0,0,0,0,True,1,1,1,0,1,True,0,1,True,True,False,False,False,False
Male,178,81,191,4,6.0,6.0,3.0,21,,19,2,4,,,,,,,,,,,,10,,,,0,0,0,0,0,0,0,0,0,0,0,False,0,0,0,0,0,0,False,0,0,0,0,0,0,0,0,0,0,False,0,0,0,0,0,False,1,0,False,False,False,False,False,False
Female,152,54,152,1.5,2.0,2.0,1.0,,,,1,2,,,,,,,,,,,,,,20,,0,0,0,0,0,0,0,0,0,0,0,False,0,0,0,0,0,0,False,0,0,0,0,0,0,0,0,0,0,False,0,0,0,0,0,False,1,0,False,True,False,False,False,False
Female,160,54,160,.5,4.0,4.0,3.0,23,22,21,2,4,2,,,,,,,,1,2,2,4,,,,0,0,0,0,0,0,0,0,0,0,0,False,0,0,0,0,0,0,False,1,1,0,1,1,0,0,0,0,0,True,1,1,1,0,0,True,0,1,False,True,False,False,False,False
Male,196,93,20,0,6.0,5.0,3.0,24,20,15,3,6,,,,,,,,,,,,2,,,,0,0,0,0,0,0,0,0,0,0,0,False,0,0,0,0,0,0,False,0,0,0,0,0,0,0,0,0,0,False,0,0,0,0,0,False,1,0,False,False,False,False,False,False
Female,160,56,160,2,4.0,4.0,2.0,20,20,17,2,4,1,2,,,,,,,,3,4,5,,40,,0,0,0,0,1,1,0,0,1,0,0,True,0,0,0,0,1,0,True,0,0,0,0,0,0,0,0,0,0,False,0,1,1,1,1,True,0,1,False,True,False,False,False,False
Male,187,77,192,6.5,7.0,7.0,4.0,29,26,24,2,8,5,1,9,5,10,18,,,1,1,2,18,55,18,,0,0,1,1,1,1,1,0,1,0,1,True,0,0,0,0,0,1,True,0,0,0,0,0,1,0,1,0,1,True,1,0,1,1,1,True,0,1,False,False,False,False,False,False
Male,185,66,188,6,10.0,10.0,6.0,27,25,24,4,14,3,,,,,,,,,2,2,30,,50,,0,0,0,0,0,0,0,0,0,0,0,False,0,0,0,0,0,0,False,0,0,0,0,0,0,1,0,0,0,True,0,1,0,0,0,True,0,1,False,False,False,False,False,True
Male,184,59,190,4,4.0,4.0,3.0,19,19,17,1,2,,,,,,,,,,,,4,,20,,0,0,0,0,0,0,0,0,0,0,0,False,0,0,0,0,0,0,False,0,0,0,0,0,0,0,0,0,0,False,0,0,0,0,0,False,0,1,True,False,False,False,False,False
Male,189,70,191,2,7.0,7.0,5.0,25,25,23,5,9,1,,,,,,,,2,1,1,,,,,0,0,0,0,0,0,0,0,0,0,0,False,0,0,0,0,0,0,False,1,0,0,1,0,0,0,0,0,0,True,0,1,0,0,0,True,0,1,False,False,False,False,False,False
Male,178,81,178,.5,5.0,4.0,3.0,,,,2,3,,,,,,,,,,1,1,18,40,50,10,0,0,0,0,0,0,0,0,0,0,0,False,0,0,0,0,0,0,False,0,0,0,0,0,0,0,0,0,0,False,0,0,0,1,1,True,1,0,False,False,False,True,False,False
Male,175,58,178,1.5,8.0,8.0,5.0,26,26,24,4,9,4,2,20,20,12,12,1,1,2,2,2,,50,,,0,0,1,1,0,1,0,0,1,1,1,True,0,1,1,0,0,0,True,1,0,0,0,1,0,0,0,1,0,True,1,1,1,0,1,True,0,1,False,True,False,False,False,False
Male,178,66,180,6,8.0,8.0,6.0,24,24,20,3,10,6,1,,,,,1,2,,1,3,20,,20,,0,0,0,0,0,0,0,0,1,0,1,True,0,0,0,0,1,0,True,0,0,0,0,0,0,0,0,0,0,False,1,1,0,0,0,True,0,1,False,False,False,True,False,False
Male,169,79,162,.5,4.0,4.0,3.0,18,17,16,3,7,2,,,,,,3,1,2,4,9,28,75,95,20,0,0,0,0,0,0,0,0,0,0,0,False,0,0,0,0,0,0,False,0,0,1,1,1,0,0,1,0,0,True,0,1,1,1,1,True,0,1,False,False,False,True,False,False
Male,185,70,196,2,7.0,7.0,5.0,22,,22,3,10,6,1,,,,,,,,3,6,20,20,35,115,0,0,0,0,1,1,0,0,1,1,1,True,0,0,0,0,0,1,True,0,0,0,0,0,0,0,0,0,0,False,1,1,1,0,1,True,0,1,False,False,False,False,False,True
Female,165,61,160,1,4.0,4.0,2.0,19,19,17,3,7,,,,,,,,,,,,4,,,,0,0,0,0,0,0,0,0,0,0,0,False,0,0,0,0,0,0,False,0,0,0,0,0,0,0,0,0,0,False,0,0,0,0,0,False,0,1,False,False,False,False,False,False
Male,179,73,181,0,4.0,4.0,3.0,21,21,17,2,6,,,,,,,,,,2,4,18,,70,,0,0,0,0,0,0,0,0,0,0,0,False,0,0,0,0,0,0,False,0,0,0,0,0,0,0,0,0,0,False,0,0,1,1,1,True,1,0,False,False,False,False,False,False
Male,180,72,160,1.5,8.0,8.0,6.0,25,25,22,5,8,4,1,,,,,,,2,2,3,25,,100,,0,1,0,1,0,0,0,0,1,0,1,True,0,0,0,0,0,1,True,1,0,0,0,0,0,0,0,1,0,True,0,1,0,1,1,True,0,1,False,False,False,False,False,False
Male,178,68,180,2,9.0,8.0,5.0,23,23,21,2,6,5,2,,20,8,10,2,2,2,2,3,25,15,,,0,0,0,0,0,1,0,0,1,0,1,True,0,1,0,0,0,1,True,1,0,0,0,0,1,0,0,1,0,True,1,1,0,1,0,True,0,1,False,False,False,False,False,False
Female,158,54,148,2.5,,,,19,20,17,2,6,,,,,,,,,,2,6,,,,,0,0,0,0,0,0,0,0,0,0,0,False,0,0,0,0,0,0,False,0,0,0,0,0,0,0,0,0,0,False,0,0,0,0,0,False,0,1,False,False,False,False,False,False
Male,183,81,185,6.5,10.0,9.0,7.0,29,,27,3,6,,,,,,,,,,,,,,,,0,0,0,0,0,0,0,0,0,0,0,False,0,0,0,0,0,0,False,0,0,0,0,0,0,0,0,0,0,False,0,0,0,0,0,False,0,1,False,False,False,False,False,False
Male,183,86,188,3.5,7.0,7.0,5.0,21,21,18,3,6,2,,86,95,,,,,,2,4,13,95,40,30,0,1,0,1,0,0,1,0,1,1,1,True,0,1,1,0,0,1,True,1,1,0,1,0,1,0,0,1,0,True,1,1,1,1,1,True,0,1,False,False,False,False,False,False
Male,170,85,168,1,2.0,2.0,1.0,23,23,19,2,8,2,1,,,,,,,,2,2,8,,10,15,0,0,0,0,0,0,1,0,1,0,0,True,0,0,0,0,1,0,True,0,0,0,0,0,0,0,0,0,0,False,1,0,0,1,1,True,1,0,False,False,False,False,False,True
Male,185,78,175,.5,7.0,7.0,4.0,24,24,21,2,5,,,,,,,,,,,,12,,,,0,0,0,0,0,0,0,0,0,0,0,False,0,0,0,0,0,0,False,0,0,0,0,0,0,0,0,0,0,False,0,0,0,0,0,False,1,0,False,False,False,False,False,False
Male,185,78,175,.5,7.0,7.0,4.0,24,24,21,2,5,,,,,,,,,,,,12,,,,0,0,0,0,0,0,0,0,0,0,0,False,0,0,0,0,0,0,False,0,0,0,0,0,0,0,0,0,0,False,0,0,0,0,0,False,1,0,False,False,False,False,False,False
Male,180,81,,2,7.0,6.0,4.0,25,23,21,3,10,2,,50,,,,,,,,,8,,,,0,0,0,0,0,1,1,0,0,1,1,True,0,0,0,0,0,1,True,0,0,0,0,0,0,0,0,0,0,False,0,0,0,0,0,False,0,1,False,False,False,False,False,False
Male,178,74,177,10.5,7.0,7.0,5.0,25,25,20,3,5,2,1,5,22,,,2,1,1,1,1,,24,,,0,0,0,0,0,1,0,0,1,0,0,True,0,1,0,0,0,1,True,1,1,0,0,0,1,0,0,0,0,True,0,1,0,1,0,True,0,1,False,False,False,False,False,False
Male,178,82,180,1,5.0,5.0,3.0,19,18,17,2,6,,,,,,,,,,1,1,,,,,0,0,0,0,0,0,0,0,0,0,0,False,0,0,0,0,0,0,False,0,0,0,0,0,0,0,0,0,0,False,1,0,0,1,1,True,0,1,False,False,False,False,False,False
Male,176,76,170,1,6.0,6.0,5.0,22,22,22,3,6,,,,,,,,,1,3,3,,,,,0,0,0,0,0,0,0,0,0,0,0,False,0,0,0,0,0,0,False,0,1,0,0,0,0,0,0,0,0,True,1,1,0,0,0,True,0,1,True,True,False,False,False,False
Male,183,79,181,3.5,9.0,9.0,5.0,27,21,25,5,24,8,2,36,36,,,,,2,1,1,19,34,50,50,0,1,0,1,0,1,1,1,1,1,1,True,0,1,1,1,0,1,True,1,1,0,1,0,1,0,0,0,0,True,0,0,0,1,1,True,0,1,False,True,False,False,False,False
Male,167,74,167,1,6.0,6.0,4.0,,,,2,5,,,,,,,,,,,,,,,,0,0,0,0,0,0,0,0,0,0,0,False,0,0,0,0,0,0,False,0,0,0,0,0,0,0,0,0,0,False,0,0,0,0,0,False,1,0,False,False,False,False,False,False
Male,182,80,180,3.5,8.0,7.0,6.0,27,25,24,3,5,4,2,,,,,1,1,1,2,2,20,190,60,,0,0,0,0,0,0,0,0,1,1,1,True,0,0,1,0,0,0,True,0,0,0,1,0,0,0,0,0,0,True,1,1,1,1,1,True,0,1,False,True,False,False,False,False
Male,183,80,76,10.5,9.0,8.0,6.0,,,,2,3,3,,,,,,2,1,1,2,2,35,40,50,30,0,0,0,0,0,0,0,0,0,0,0,False,0,0,0,0,0,0,False,1,0,0,0,0,0,0,0,0,0,True,1,0,0,0,1,True,0,1,False,True,False,False,False,False
Male,180,92,190,1,5.0,4.0,3.0,19,18,17,2,4,,,,,,,,,1,1,1,8,8,25,30,0,0,0,0,0,0,0,0,0,0,0,False,0,0,0,0,0,0,False,1,0,0,0,1,0,0,0,0,0,True,0,1,1,1,0,True,0,1,False,False,False,False,False,False
Female,165,53,155,1.5,6.0,6.0,5.0,25,25,24,4,5,3,1,,,,,,,1,,,15,,70,,0,1,0,1,0,1,0,0,1,1,1,True,0,0,0,0,0,1,True,0,1,0,1,0,1,0,0,0,0,True,0,0,0,0,0,False,1,0,False,False,False,True,False,False
Male,180,70,183,6,9.0,8.0,7.0,31,31,30,5,8,3,3,35,32,5,8,,,1,2,2,25,40,30,30,0,0,0,1,0,1,1,0,0,0,1,True,0,0,0,1,0,1,True,1,0,0,0,0,0,0,0,0,0,True,1,1,1,1,1,True,0,1,False,False,False,False,False,False
Male,192,89,20,1.5,6.0,6.0,4.0,23,23,21,3,10,4,,,,,,,,,6,4,12,,25,35,0,0,0,0,0,0,0,0,0,0,0,False,0,0,0,0,0,0,False,0,0,0,0,0,0,0,0,0,0,False,1,1,0,1,1,True,0,1,False,False,False,False,False,False
Male,177,72,179,.5,5.0,5.0,3.0,19,19,17,3,4,3,1,,,18,18,,,1,2,2,20,21,30,25,0,0,0,0,0,1,0,0,1,0,0,True,0,1,0,0,0,0,True,1,1,0,0,0,0,0,0,0,0,True,1,1,1,1,1,True,0,1,False,True,True,False,False,False
Female,169,57,170,.5,3.0,3.0,1.0,17,17,17,2,4,,,,,,,,,,4,8,4,,25,,0,0,0,0,0,0,0,0,0,0,0,False,0,0,0,0,0,0,False,0,0,0,0,0,0,0,0,0,0,False,1,1,1,1,1,True,1,0,False,False,False,True,False,False
Male,171,68,175,1,8.0,8.0,5.0,,,,3,6,,,,,,,,,1,,,,,,,0,0,0,0,0,0,0,0,0,0,0,False,0,0,0,0,0,0,False,0,0,0,0,1,0,0,0,0,0,True,0,0,0,0,0,False,0,1,False,True,False,False,False,False
Male,180,74,184,12,7.0,7.0,5.0,29,28,26,3,8,4,1,43,,,,,,1,1,1,,110,,,0,0,0,0,0,1,0,0,0,0,0,True,1,1,0,1,0,0,True,1,0,0,0,0,0,0,1,0,0,True,1,1,1,0,1,True,0,1,False,False,False,False,True,False
Male,174,68,175,2,8.0,8.0,6.0,24,24,21,4,5,3,1,,,,,2,1,1,1,1,,,,,0,0,0,0,0,0,0,0,1,0,0,True,0,0,0,0,0,1,True,0,0,0,0,0,0,0,0,0,0,False,0,1,0,1,0,True,0,1,False,False,False,False,False,False
Male,194,80,196,0,3.0,3.0,2.0,16,16,15,4,7,1,2,,,25,25,,,1,2,1,12,,45,10,0,0,0,0,0,0,0,0,1,0,1,True,0,0,1,0,0,0,True,0,0,0,1,0,0,0,0,0,0,True,0,1,0,1,0,True,1,0,False,False,False,True,False,False
Male,183,98,183,5,4.0,4.0,3.0,24,21,20,3,10,2,1,,,,,,,2,2,5,9,,,,0,0,0,0,1,0,1,0,0,0,1,True,0,1,0,0,0,0,True,0,0,0,1,0,0,0,0,0,0,True,0,1,0,1,1,True,0,1,True,False,False,False,False,False
Male,160,64,159,5,7.0,7.0,5.0,,,,2,7,3,,,,,,,,,2,2,30,,,,0,0,0,0,0,0,0,0,0,0,0,False,0,0,0,0,0,0,False,0,0,0,0,0,0,0,0,0,0,False,1,1,1,0,1,True,0,1,False,True,False,False,False,False
Male,179,68,179,7,6.0,5.0,4.0,26,22,18,3,6,1,1,,,,,,,,,,12,,,,1,1,1,1,0,1,1,0,1,0,1,True,0,0,0,0,0,1,True,0,0,0,0,0,0,0,0,0,0,False,0,0,0,0,0,False,0,1,False,False,False,True,False,False
Male,186,78,190,8.5,8.0,8.0,5.0,27,21,22,2,4,2,,,,,,2,1,,,,12,,15,60,0,0,0,0,0,0,0,0,0,0,0,False,0,0,0,0,0,0,False,0,0,0,0,0,0,0,0,0,0,False,0,0,0,1,0,True,1,0,False,False,False,False,False,False
Male,171,65,168,.5,3.0,3.0,2.0,18,18,17,3,6,1,,,,,,1,2,2,2,2,20,45,35,,0,0,0,0,0,0,0,0,0,0,0,False,0,0,0,0,0,0,False,0,0,0,1,0,0,0,0,0,0,True,0,1,1,1,1,True,0,1,True,False,False,False,False,False
Male,172,61,180,.5,8.0,8.0,6.0,25,25,20,4,6,8,2,36,40,,,2,2,1,3,4,35,45,14,40,0,1,0,0,0,1,0,0,1,1,1,True,0,1,0,0,0,0,True,1,0,0,0,0,0,1,0,1,0,True,1,1,0,1,1,True,0,1,True,False,True,False,False,False
Male,183,79,191,5,9.0,9.0,7.0,,,,4,8,3,1,45,45,6,6,,,,3,3,20,40,33,45,0,0,0,0,1,1,1,0,1,0,1,True,0,0,1,0,0,1,True,0,0,0,0,0,0,0,0,0,0,False,1,1,0,1,0,True,0,1,False,False,False,False,False,False
Male,162,56,162,.5,5.0,5.0,3.0,20,20,18,3,7,1,,,,,,,,,1,1,12,,35,15,0,0,0,0,0,0,0,0,0,0,0,False,0,0,0,0,0,0,False,0,0,0,0,0,0,0,1,0,0,True,1,1,0,0,0,True,1,0,False,True,False,True,False,False
Male,182,83,196,8.5,14.0,14.0,10.0,,,,4,8,12,1,120,80,4,5,,,,3,3,80,80,50,,0,0,0,0,1,1,0,0,0,0,0,True,0,1,0,1,0,0,True,0,0,0,0,0,0,0,0,0,0,False,0,0,0,1,0,True,0,1,False,False,False,False,False,True
Female,178,64,179,.5,6.0,6.0,4.0,,,,3,6,,,,,,,,,,3,1,9,,10,,0,0,0,0,0,0,0,0,0,0,0,False,0,0,0,0,0,0,False,0,0,0,0,0,0,0,0,0,0,False,1,1,0,1,1,True,1,0,False,False,False,False,False,False
Male,177,64,192,4,10.0,9.0,7.0,30,,26,5,20,4,2,67,65,13,13,1,1,,1,2,30,50,40,30,0,0,0,0,0,0,0,0,1,0,0,True,0,0,0,1,0,0,True,0,0,0,0,0,0,0,0,0,0,False,1,1,0,1,1,True,0,1,False,False,False,False,False,False
Male,1295,69,1295,10,9.0,8.0,6.0,28,26,25,3,2,4,2,27,30,18,12,,,2,2,1,,,,,0,0,0,1,0,0,1,0,1,1,0,True,0,1,0,1,0,1,True,1,0,0,1,0,0,0,0,0,0,True,1,1,0,1,1,True,0,1,False,True,False,False,False,False
Male,175,66,173,.5,5.0,5.0,3.0,,,,3,6,,,,,,,,,,3,4,10,,25,10,0,0,0,0,0,0,0,0,0,0,0,False,0,0,0,0,0,0,False,0,0,0,0,0,0,0,0,0,0,False,1,1,1,1,1,True,1,0,True,True,False,False,False,False
Female,162,61,168,3,9.0,9.0,8.0,12,12,12,4,7,8,2,30,20,12,12,1,1,3,3,6,12,13,40,30,0,0,0,0,0,1,0,0,1,1,0,True,0,1,0,1,0,0,True,1,0,0,0,1,1,0,0,1,0,True,1,1,1,1,1,True,0,1,False,False,False,False,False,False
Female,163,55,166,0,6.0,6.0,4.0,24,24,21,5,12,2,,,,,,,,3,3,4,,,,,0,0,0,0,0,0,0,0,0,0,0,False,0,0,0,0,0,0,False,0,0,0,1,0,0,1,0,0,0,True,0,1,1,1,1,True,1,0,False,False,False,False,False,False
Male,177,74,183,7,10.0,8.0,7.0,29,27,27,3,2,12,2,39,39,17,17,1,1,1,2,2,25,27,69,23,0,0,0,0,0,1,0,0,0,0,0,True,0,1,1,0,0,1,True,1,0,0,0,0,1,0,0,1,0,True,1,1,1,1,1,True,0,1,False,False,False,False,False,False
Male,185,74,180,1.5,6.0,5.0,4.0,25,25,24,2,4,4,,,,,,,,,,,,,,,0,0,0,0,0,1,0,0,1,0,0,True,0,1,0,0,0,0,True,0,0,0,0,0,0,0,0,0,0,False,1,1,0,0,0,True,1,0,False,False,False,False,False,False
Male,180,78,181,14,10.0,9.0,7.0,28,26,28,4,10,12,2,52,50,8,8,1,1,1,2,1,30,57,30,20,0,0,0,0,0,1,0,1,0,0,0,True,0,1,0,1,0,0,True,0,0,0,0,0,0,0,1,0,0,True,1,1,1,0,0,True,0,1,False,False,False,False,False,False
Male,177,72,180,10,6.0,5.0,4.0,26,25,24,3,3,3,1,,,,,1,1,,2,1,,,,,0,0,1,1,0,1,1,0,0,1,1,True,0,0,0,0,0,1,True,0,0,0,0,0,0,0,0,1,0,True,1,1,0,0,1,True,0,1,False,False,False,False,False,False
Male,178,72,176,0,4.0,4.0,3.0,,,,3,7,,,,,,,,,,2,1,,,,,0,0,0,0,0,0,0,0,0,0,0,False,0,0,0,0,0,0,False,0,0,0,0,0,0,0,0,0,0,False,1,1,0,0,1,True,1,0,False,False,False,False,False,False
Male,172,57,172,.5,6.0,6.0,4.0,25,25,23,3,6,1,,,,,,,,,2,1,,,,,0,0,0,0,0,0,0,0,0,0,0,False,0,0,0,0,0,0,False,0,0,0,0,0,0,0,0,0,0,False,1,0,0,0,0,True,1,0,False,False,False,False,False,False
Male,180,82,180,2.5,6.0,4.0,4.0,24,24,22,1,2,,,,,,,,,,,,10,,30,,0,0,0,0,0,0,0,0,0,0,0,False,0,0,0,0,0,0,False,0,0,0,0,0,0,1,0,0,0,True,0,0,0,0,0,False,1,0,True,False,False,False,False,False
Male,185,88,,10,9.0,8.0,6.0,12,11,11,3,5,2,2,27,29,8,7,,,,2,4,20,60,50,10,0,0,0,0,0,1,0,0,1,0,0,True,0,1,0,0,0,0,True,1,0,0,0,0,1,0,0,0,0,True,1,0,1,0,1,True,0,1,True,True,False,False,False,False
Male,174,75,178,2,5.0,5.0,4.0,24,24,20,3,3,4,2,,,14,14,,,1,2,1,12,,45,,0,0,0,0,0,1,0,0,1,0,0,True,0,0,1,0,0,0,True,0,0,0,1,1,0,0,0,0,0,True,1,1,0,1,1,True,0,1,False,False,False,False,False,False
Male,183,85,187,2,5.0,5.0,3.0,22,22,18,3,9,2,2,1,10,18,18,,,,2,3,,,,,0,0,0,0,0,1,0,0,1,0,0,True,0,1,0,0,0,0,True,0,0,0,0,0,0,0,0,0,0,False,1,1,1,0,1,True,1,0,False,False,False,False,False,False
Male,176,68,176,1.5,8.0,8.0,6.0,,,,2,4,2,,,,14,14,,,,1,1,,,,,0,0,0,0,0,0,0,0,0,0,0,False,0,0,0,0,0,0,False,0,0,0,0,0,0,0,0,0,0,False,1,0,0,1,1,True,0,1,False,False,False,False,False,False
Male,180,64,180,3.5,,,,29,29,22,4,6,3,2,46,46,,,,,,2,3,,,,,0,0,0,0,0,1,0,0,1,0,0,True,0,0,0,0,0,1,True,0,0,0,0,0,0,0,0,0,0,False,0,1,0,1,0,True,1,1,False,True,False,False,False,False
Male,171,59,171,1,7.0,7.0,5.0,28,28,24,3,10,2,,,,,,,,,2,2,,,30,,0,0,0,0,0,0,0,0,0,0,0,False,0,0,0,0,0,0,False,0,0,0,0,0,0,0,0,0,0,False,1,0,0,0,0,True,1,0,False,True,False,False,False,False
Male,180,70,183,7.5,11.0,11.0,9.0,32,30,30,4,11,5,3,57,55,5,5,,,2,1,2,28,35,35,30,0,0,0,1,0,1,1,0,0,1,0,True,1,1,1,1,0,1,True,1,0,0,1,0,0,0,0,0,0,True,1,1,0,1,1,True,0,1,False,False,False,False,False,False
Male,179,72,182,2,6.0,6.0,4.0,23,,21,5,6,5,,,,,,1,1,,4,5,,35,,,0,0,0,0,0,1,0,0,1,1,1,True,0,0,0,0,0,1,True,0,0,0,0,0,0,0,0,0,0,False,1,1,0,1,0,True,0,1,False,False,False,False,False,False
Male,172,88,174,10,8.0,7.0,5.0,,,,3,4,2,1,45,,,,1,1,,2,1,12,,,,0,0,0,0,0,1,0,0,0,0,0,True,0,0,0,1,0,0,True,0,0,0,0,0,0,0,0,0,0,False,1,1,1,1,1,True,1,0,True,False,False,False,False,False
Male,180,70,180,8,9.0,8.0,6.0,28,26,25,4,3,2,1,58,41,,,,,1,1,1,,,,,0,0,0,1,1,1,0,0,1,1,1,True,0,1,0,0,0,0,True,0,1,0,1,0,0,0,0,0,0,True,0,1,1,1,0,True,0,1,False,False,False,False,False,False
Male,173,64,186,10,12.0,12.0,10.0,,,,7,14,8,2,60,,12,,2,1,1,3,8,37,50,80,1,0,0,0,0,0,1,0,0,0,0,0,True,0,1,1,1,0,0,True,1,0,0,0,0,0,0,0,0,0,True,1,1,0,1,1,True,0,1,False,False,False,True,False,False
Male,178,68,180,9.5,,,,31,31,29,4,7,10,1,36,,8,,,,,2,3,,25,,,0,0,0,0,0,1,0,0,0,0,0,True,0,1,0,0,0,0,True,0,0,0,0,0,0,0,0,0,0,False,1,1,0,1,1,True,0,1,False,False,False,False,False,False
Male,162,53,161,1.5,5.0,5.0,3.0,22,,,2,2,2,2,,,,,1,1,1,4,3,20,,40,,1,1,1,1,0,0,1,1,1,0,1,True,0,0,1,0,0,1,True,0,0,0,1,0,0,0,0,0,0,True,0,1,0,1,1,True,1,0,False,False,True,False,False,False
Male,173,63,185,7,13.0,13.0,9.0,,,,4,3,4,1,,,,,2,1,2,4,2,25,75,,,0,0,0,0,0,1,0,0,0,0,0,True,0,0,0,1,0,0,True,1,0,0,0,0,0,0,0,0,0,True,0,1,0,0,0,True,0,1,False,False,False,False,False,False
Male,185,100,187,1.5,5.0,4.0,2.0,18,16,16,2,3,,,,,,,,,,3,5,20,30,45,,0,0,0,0,0,0,0,0,0,0,0,False,0,0,0,0,0,0,False,0,0,0,0,0,0,0,0,0,0,False,1,1,1,1,1,True,0,1,False,False,False,False,False,False
Male,185,65,183,2,7.0,6.0,5.0,27,26,25,2,7,1,,,,,,,,1,1,1,6,,15,,0,0,0,0,0,0,0,0,0,0,0,False,0,0,0,0,0,0,False,0,0,0,1,0,0,0,0,0,0,True,1,1,0,0,0,True,0,1,False,False,False,False,False,False
Male,191,113,180,0,3.0,3.0,0.0,18,18,15,2,4,6,,,,,,,,,3,6,,,25,,0,0,0,0,0,0,0,0,0,0,0,False,0,0,0,0,0,0,False,0,0,0,0,0,0,0,0,0,0,False,0,1,1,1,1,True,0,1,False,False,False,True,False,False
Male,172,75,170,.5,4.0,4.0,3.0,18,18,18,3,8,2,,,,,,1,1,,1,1,20,,,,0,0,0,0,0,0,0,0,0,0,0,False,0,0,0,0,0,0,False,0,0,0,0,0,0,0,0,0,0,False,1,1,0,0,1,True,1,0,False,False,False,False,False,False
Male,170,68,190,1.5,5.0,5.0,3.0,11,11,11,1,2,,,,,,,,,,1,1,15,150,50,,0,0,0,0,0,0,0,0,0,0,0,False,0,0,0,0,0,0,False,0,0,0,0,0,0,0,0,0,0,False,1,0,0,0,0,True,0,1,False,True,False,False,False,False
Male,175,70,174,.5,7.0,7.0,5.0,24,24,22,6,10,3,3,,,,,,,2,1,1,17,45,40,45,0,0,0,0,0,1,0,0,0,0,0,True,0,0,1,0,0,0,True,1,0,0,1,0,0,0,0,0,0,True,0,0,0,0,1,True,0,1,False,False,False,False,False,False
Female,167,70,165,8,11.0,8.0,7.0,28,26,26,5,10,8,1,,,8,9,1,1,2,2,5,12,18,20,34,0,0,0,0,0,1,0,0,1,1,1,True,0,0,1,0,0,1,True,1,1,0,1,0,0,0,1,0,0,True,1,1,0,1,1,True,0,1,True,True,False,False,False,False
Female,162,56,162,10,6.0,6.0,4.0,25,24,21,3,7,1,1,,,,,,,,1,1,5,,20,,0,0,0,0,1,0,0,0,0,0,0,True,0,1,0,0,0,0,True,0,0,0,0,0,0,0,0,0,0,False,0,1,1,1,0,True,0,1,False,True,False,True,False,False
Male,175,63,185,4.5,8.0,8.0,7.0,,,,5,9,2,2,30,30,8,8,,,,1,1,30,40,30,20,0,0,0,0,0,1,0,0,0,0,0,True,0,1,0,0,0,0,True,0,0,0,0,0,0,0,0,0,0,False,0,0,0,0,1,True,0,1,False,True,False,True,False,False
Male,178,66,188,3,6.0,6.0,4.0,25,25,22,3,5,1,1,,,,,,,,1,1,16,,35,,0,0,0,0,0,0,0,0,1,0,1,True,0,0,0,0,0,1,True,0,0,0,0,0,0,0,0,0,0,False,0,1,0,1,0,True,0,1,False,False,True,False,False,False
Male,187,72,190,2.5,8.0,8.0,6.0,25,20,20,3,10,2,,20,30,6,10,3,1,1,,,18,20,,,0,0,0,0,0,0,0,0,0,0,0,False,0,0,0,0,0,0,False,0,0,0,1,0,0,0,0,0,0,True,0,0,0,0,0,False,0,1,False,True,False,False,False,False
Male,175,64,177,3,6.0,6.0,6.0,25,24,24,3,6,11,,,,,,1,1,3,3,3,18,20,,,0,0,0,0,0,0,0,0,0,0,0,False,0,0,0,0,0,0,False,0,0,0,1,0,0,0,1,0,1,True,0,1,0,1,1,True,0,1,False,False,False,True,False,False
Female,167,73,176,0,2.0,2.0,0.0,13,13,12,2,3,2,,,,,,,,1,1,2,,,25,,0,0,0,0,0,0,0,0,0,0,0,False,0,0,0,0,0,0,False,0,0,0,0,0,0,0,1,0,0,True,1,1,1,1,1,True,1,0,False,False,False,False,False,False
Male,183,67,176,1,6.0,6.0,4.0,25,25,21,3,7,2,,,,,,,,,,,18,10,40,2,0,1,1,0,0,0,0,0,0,0,1,True,0,0,0,0,0,0,False,0,0,0,0,0,0,0,0,0,0,False,0,0,0,0,0,False,1,0,False,False,False,False,False,True
Male,186,70,190,2,6.0,6.0,4.0,,,,3,8,2,,,,,,,,,2,2,15,,30,,0,0,0,0,0,0,0,0,0,0,0,False,0,0,0,0,0,0,False,0,0,0,0,0,0,0,0,0,0,False,1,1,0,0,0,True,1,0,False,False,False,False,False,False
Male,174,60,179,0,6.0,6.0,4.0,25,25,24,4,3,,,,,,,,,,,,10,,30,,0,0,0,0,0,0,0,0,0,0,0,False,0,0,0,0,0,0,False,0,0,0,0,0,0,0,0,0,0,False,0,0,0,0,0,False,1,0,False,False,False,False,False,False
Male,178,66,182,8.5,11.0,11.0,8.0,,,,4,10,1,,,,,,,,,,1,25,,,,0,0,0,0,0,1,0,0,0,0,0,True,0,0,0,1,0,0,True,0,0,0,0,0,0,0,0,0,0,False,1,1,0,0,0,True,0,1,False,False,False,False,False,False
Male,179,66,179,3,8.0,8.0,5.0,12,12,11,4,9,3,1,,,10,15,1,1,1,1,2,22,,50,,0,0,0,0,0,1,1,0,1,1,1,True,0,0,1,0,0,1,True,0,1,0,0,1,1,0,1,0,0,True,0,1,0,1,0,True,1,0,False,True,False,False,False,False
Female,165,53,164,4,4.0,5.0,3.0,24,24,20,2,2,2,,,,,,,,,1,1,3,,10,,0,0,0,0,0,0,0,0,1,0,0,True,0,0,1,0,0,0,True,0,0,0,0,0,0,0,0,0,0,False,1,0,0,0,0,True,0,1,False,False,False,False,False,False
Male,182,65,180,1,6.0,5.0,4.0,22,21,19,2,3,,,,,,,,,,2,1,,,,,0,0,0,0,0,0,0,0,0,0,0,False,0,0,0,0,0,0,False,0,0,0,0,0,0,0,0,0,0,False,0,1,1,1,1,True,0,1,False,False,False,False,False,False
Male,180,86,180,1,5.0,5.0,4.0,25,25,23,3,3,3,1,,,,,,1,1,3,3,10,,30,10,0,0,0,1,0,1,0,0,1,1,0,True,0,0,1,0,0,1,True,1,0,0,0,0,0,0,0,1,0,True,1,1,1,1,1,True,0,1,False,True,False,False,False,False
Male,184,87,185,2,4.0,4.0,3.0,20,20,17,3,2,3,,,,,,,,1,3,2,13,20,50,30,0,0,0,0,0,0,0,0,0,0,0,False,0,0,0,0,0,0,False,0,0,0,1,0,0,0,0,0,0,True,1,1,1,1,1,True,0,1,False,False,False,True,False,False
Male,188,65,190,1,4.0,4.0,3.0,25,25,18,2,4,,,,,,,,,,,,12,,50,3,0,0,0,0,0,0,0,0,0,0,0,False,0,0,0,0,0,0,False,0,0,0,0,0,0,0,0,0,0,False,0,0,0,0,0,False,1,0,False,True,False,False,False,False
Male,180,76,187,1.5,6.0,5.0,4.0,24,24,23,3,3,3,2,20,,12,18,1,1,1,4,4,22,35,50,45,0,0,0,0,1,1,0,0,1,0,0,True,0,1,0,0,0,1,True,0,0,0,1,0,1,0,0,0,0,True,1,1,1,1,1,True,0,1,False,False,False,True,False,False
Male,193,76,200,0,4.0,4.0,2.0,19,19,18,2,4,,,,,,,,,,2,4,12,,,,0,0,0,0,0,0,0,0,0,0,0,False,0,0,0,0,0,0,False,0,0,0,0,0,0,0,0,0,0,False,0,0,1,1,1,True,1,0,False,False,True,False,False,False
Male,177,69,172,.5,5.0,5.0,3.0,,,,3,8,1,,,,,,,,,3,1,3,,,,0,0,0,0,0,0,0,0,0,0,0,False,0,0,0,0,0,0,False,0,0,0,0,0,0,0,0,0,0,False,1,1,0,1,0,True,0,1,False,False,False,False,False,False
Male,180,72,180,3,8.0,8.0,5.0,26,26,24,4,12,9,2,22,20,8,8,,,,2,3,20,27,27,30,0,0,0,0,0,1,0,0,1,0,1,True,0,1,0,0,0,0,True,0,0,0,0,0,0,0,0,0,0,False,0,1,0,1,0,True,0,1,False,False,False,False,False,False
Male,167,62,172,1,7.0,6.0,4.0,24,24,22,4,12,,,,,,,,,,,,25,15,20,5,0,0,0,0,0,0,0,0,0,0,0,False,0,0,0,0,0,0,False,0,0,0,0,0,0,0,0,0,0,False,0,0,0,0,0,False,0,1,False,False,False,False,False,False
Male,173,130,178,2,7.0,7.0,4.0,25,25,21,3,6,,,,,,,,,,2,2,15,,,,0,0,0,0,0,0,0,0,0,0,0,False,0,0,0,0,0,0,False,0,0,0,0,0,0,0,0,0,0,False,1,1,1,1,1,True,1,0,False,False,False,False,False,False
Male,177,58,185,4.5,9.0,8.0,7.0,,,,4,8,,,,,,,,,,1,1,13,20,4,,0,0,0,0,0,0,0,0,0,0,0,False,0,0,0,0,0,0,False,1,0,0,0,0,0,0,0,0,0,True,0,1,1,1,1,True,0,1,False,False,False,False,False,False
Male,180,59,185,3,5.0,5.0,3.0,,,,2,6,,,,,,,,,,,,11,,25,,0,0,0,0,0,0,0,0,0,0,0,False,0,0,0,0,0,0,False,0,0,0,0,0,0,0,0,0,0,False,0,0,0,0,0,False,0,1,False,False,False,False,False,False
Male,176,73,184,6.5,7.0,6.0,4.0,25,22,20,2,4,2,2,,,,,,,,2,2,12,,,,0,0,0,0,0,0,0,0,1,0,0,True,0,0,1,1,0,1,True,0,0,0,0,0,0,0,0,0,0,False,0,0,1,1,1,True,1,1,False,True,False,False,True,False
Female,165,63,164,3.5,6.0,4.0,3.0,26,24,23,2,6,1,1,,,,,,,1,1,1,10,,,,0,0,0,0,0,1,0,0,0,0,1,True,0,0,0,0,1,0,True,0,0,0,1,0,0,0,0,0,0,True,0,1,1,1,1,True,0,1,False,False,False,False,False,False
Male,178,72,177,1,4.0,4.0,3.0,20,20,19,3,3,5,1,,,15,15,,,,3,3,15,55,30,,0,1,0,1,1,1,0,0,1,1,1,True,0,0,0,0,1,0,True,0,0,0,0,0,0,0,0,0,0,False,1,0,1,1,1,True,1,0,True,False,False,False,False,False
Female,160,117,160,.5,5.0,5.0,3.0,22,22,20,3,8,,,,,,,,,,2,3,5,,,,0,0,0,0,0,0,0,0,0,0,0,False,0,0,0,0,0,0,False,0,0,0,0,0,0,0,0,0,0,False,1,1,1,1,1,True,1,0,False,False,False,True,False,False
Female,168,140,170,5.5,6.0,3.0,2.0,22,21,18,2,3,4,,,,,,,,,2,1,3,,,,0,0,0,0,0,0,0,0,0,0,0,False,0,0,0,0,0,0,False,0,0,0,0,0,0,0,0,0,0,False,0,1,1,1,1,True,0,1,False,False,False,True,False,False
Male,193,86,193,1,7.0,7.0,2.0,23,23,17,3,9,,,,,,,,,,,,10,,,,0,0,0,0,0,0,0,0,0,0,0,False,0,0,0,0,0,0,False,0,0,0,0,0,0,0,0,0,0,False,0,0,0,0,0,False,0,1,False,False,False,False,False,False
Male,175,77,179,2,6.0,6.0,4.0,,,,3,6,,,10,5,12,15,,,,1,1,15,15,25,,0,0,0,0,0,0,0,0,0,0,0,False,0,0,0,0,0,0,False,0,0,0,0,0,0,0,0,0,0,False,1,0,0,0,0,True,0,1,False,False,False,False,False,False
Male,188,82,186,0,4.0,4.0,3.0,23,23,21,3,11,1,1,,,,,,,3,1,1,9,,50,,0,0,0,0,0,0,0,0,1,1,0,True,0,0,0,0,1,0,True,1,0,0,1,0,0,1,1,0,1,True,0,1,0,1,1,True,0,1,False,False,False,False,False,False
Female,171,68,167,3.5,5.0,6.0,4.0,,,,3,7,,,,,,,,,,,,6,,15,,0,0,0,0,0,0,0,0,0,0,0,False,0,0,0,0,0,0,False,0,0,0,0,0,0,0,0,0,0,False,0,0,0,0,0,False,0,1,False,True,False,False,False,False
Male,186,80,188,10.5,9.0,8.0,6.0,,,,3,3,3,2,25,25,8,8,2,1,1,1,1,15,30,30,25,0,0,0,0,0,1,0,0,0,0,0,True,0,1,0,0,0,1,True,1,0,0,0,0,1,0,0,0,0,True,1,1,1,1,1,True,0,1,True,False,False,False,False,False
Female,167,56,167,2.5,8.0,8.0,6.0,27,27,25,4,16,3,,,,,,,,,2,2,20,15,,,0,0,0,0,0,0,0,0,0,0,0,False,0,0,0,0,0,0,False,1,1,1,1,1,0,0,0,1,0,True,1,1,1,1,1,True,0,1,True,True,True,True,False,False
Male,185,78,185,7,8.0,6.0,4.0,26,23,21,2,3,10,2,44,44,8,8,1,1,2,2,1,12,20,25,,0,0,0,0,0,1,0,0,1,0,0,True,1,1,1,0,1,1,True,1,0,0,1,1,1,0,0,0,0,True,0,1,0,1,1,True,0,1,False,False,False,False,False,False
Male,180,72,185,9.5,8.0,7.0,4.0,28,22,19,2,5,1,,,,,,,,,2,1,14,,25,,0,0,0,0,0,0,0,0,0,0,0,False,0,0,0,0,0,0,False,0,0,0,0,0,0,0,0,0,0,False,0,0,0,0,0,False,0,1,False,False,False,False,False,False
